PC1,PC2,PC3,PC4,PC5,PC6,PC7,PC8
8.638922368571041,0.2105411521715852,-3.195247965037885,-1.1199389504286061,0.22779248984220013,-1.2474922117265113,1.7273062319588954,0.11089316964675705
1.8066797982330014,0.5079435308848326,-0.8662407290446363,-0.5953576667870007,0.17244069069484058,-0.36413232370561455,-0.038186601463942704,0.4476654893294597
6.008700057564934,0.6910250041780754,-2.3264370309329925,1.686362345191454,2.1125322712065593,0.41775607300056955,0.1493260244577804,-0.01551990120292046
7.708071352055716,3.541182273249105,-1.9071449415096793,-0.663859855890021,-0.529662867969962,1.5390243582230614,0.36481025675048745,1.6934197947825027
11.306220055359685,-0.04891452470592306,0.9965683318945888,-0.650248464630496,2.915695573622381,-0.513652478580758,0.2695461401466739,0.2547067415286658
