PC1,PC2,PC3,PC4,PC5,PC6,PC7,PC8,track_id,cluster
-2.4040962822199017,0.90566198430002,0.876148045222208,0.8294663486051708,-0.045586508619974,-0.7554871108267699,-0.3960368237224097,0.0826241956281805,20010049,3
12.464757231759297,0.0500226118790396,0.2314951989270434,1.7342975868695991,0.7495254576443621,1.0808273354913756,1.3035891373953363,0.2989845433136373,20200994,0
3.1397417573626885,-1.1102008289559724,-2.2761187025844456,-0.4663728793888209,-0.0509971193155297,-0.218614600317953,-0.1002037651205884,0.1204936657114817,20180941,3
3.399083762795811,-2.333657941870785,-3.850397663403118,0.3497809820057126,0.0752998485272039,0.2727343611207333,-0.2061562987258942,0.5402934159423248,20100872,3
-0.2732437269756123,-0.1571413524675012,0.8766556779391755,2.2405541700383127,0.7543429431634744,-2.0637939909060043,-0.8764090461254446,0.6178276467846644,19970364,3
9.346922076811389,1.4939116101815546,1.745691613105534,0.3365517646874488,4.100851802816463,-0.9713326660836348,-0.8489767010845879,0.8514255247831906,19931162,0
1.744270658428707,-0.4673269508460621,-4.031123359371587,2.0127604904346614,-0.8964603242635291,0.2654350365838808,0.7352938434007638,-1.0670898834382414,20030762,3
7.909117726841984,-1.1491883577608986,-1.2492991966838691,0.9936683265171404,2.9440100957619406,-0.0067399547205478,-0.4386199398409066,0.7044616207948035,19960665,0
7.05706592799479,0.2177277245219996,0.5337383912366481,1.1967371428758276,1.2200329651305033,-0.384445378812437,0.7072923095407715,-0.0716153397024561,19790205,3
5.076178717281518,1.630720114938413,0.8258753947968792,-0.7813546345418038,2.5667603230297074,0.4040033958422349,0.2823685359767762,-0.8908418801275282,20110398,0
12.950549132014515,1.6788772761080988,0.1182473060933122,-0.148208590334831,2.1553115385964436,0.4881641203128784,1.8672086773405907,1.2253139502008543,19800411,2
2.2354899399261217,-0.0856173127013131,-0.9643981965277364,-2.722117026450565,1.236706509960729,-1.6133219661014375,-1.199049926111829,0.191612585311528,20111034,3
13.044937321259392,-0.7872597006093941,-1.3903623851337916,0.7561932856541912,2.778815818764922,0.9588565204336597,0.0728760675581775,-0.7779505031182999,20140766,0
8.728061210658113,2.9001818105735846,2.675896909834752,-1.2785796738976207,3.289709390076113,0.6686031818236107,0.3992011023127383,1.104446959837533,20202365,0
1.9088925057199828,-1.9894737551130723,-3.187471259465419,0.6288697792142804,0.0894505305317081,-2.3323274106085137,1.6232678803383316,-0.7913193763866918,19840892,3
1.6026637558527026,1.2805276605234497,2.731824367033275,-0.5662393528487318,1.490765868706518,-2.3292651650837635,1.0348216984231189,0.3993557031617679,19840433,2
6.3780341103472775,1.0113451130872282,0.2031304439913532,1.5110023371513133,0.3988364881980842,0.380892898089003,1.4264627547821995,-1.3799566603902695,19920976,3
4.276014671775057,1.9347997937425887,0.9184473000148397,-1.7585518214689204,0.4531229540129258,-0.989386018733019,1.4158758541131025,-0.6477127137525021,19790048,2
0.5290416578470233,1.232771338270814,-4.464048761717726,0.868932003023675,-0.0370702855382993,0.8929994836017905,0.3652905900750368,1.2734055392223886,19901102,1
-0.7301532021933675,0.9217227089717904,-1.0473319238378258,-2.622186793924239,1.2685201533049169,-2.3714758759155075,1.8017595165977989,1.0652267817539895,20020159,2
8.189306281027774,2.993056792438248,-0.8549492645326465,0.8948739884516035,0.4441247490238705,0.1168880977544393,0.1013219711652965,0.7596063859073447,20010527,1
7.408649340406072,-1.9163102567447023,-0.0653259455953721,0.732290050321376,1.1916178101048218,0.4719779710779814,-1.4059397345500728,-0.7325171852318906,19900520,0
4.253367843244491,0.4383399802034478,-0.8956971502702449,0.553102404025799,0.8453115234131111,2.837751199787573,1.2637964461939732,-0.1120759353025517,20091031,0
-1.0308233065555634,1.677115232449139,0.47745935027937,-0.3993193098869372,-0.341012275294647,-0.7105543893045548,1.474074039816121,0.298910495090783,20050427,3
1.2281713794167644,0.6810813100668943,-5.382507356384714,1.093047558951702,2.2115533172876427,1.0157203575332154,0.9651578650396184,-1.0321815934467695,19841134,3
29.45412287478459,1.9964097364576183,-1.0655660657635102,0.5783683198084612,9.319048345985664,-0.7425544873833059,2.6335372590545707,4.163929161592039,19960625,0
3.744995398439283,-0.3936575788037629,-4.1357901874071965,-0.1830486489939337,0.9665114888604815,-0.294247403535218,-0.0787079331090975,-0.1636123545629974,20050708,3
-2.564895307933289,3.791353427789823,-0.4557844549268012,3.154784721630409,2.1022755959865744,-0.4368663308773466,-0.5320349035005668,-0.6868594459060194,20141039,3
1.3734412270069745,0.3347753780022459,-1.3923122858277264,0.6714512793115092,-0.5420920758739316,-0.7010531556030927,1.3242723275589612,0.156856666225897,19950580,3
6.482934230405029,-3.8314366724383864,-2.1302788303340914,-0.2611326098739303,0.3542445937937707,1.2477089058551396,-1.0613482404968837,-1.108255908581079,20160337,3
20.35657856887283,0.7517490181489485,1.2828869044340356,-3.400429701753295,0.8082775037984988,0.4944324020007658,3.464533682929024,-0.0189261396794156,20204655,2
5.71520540455573,1.5607890012602113,-3.3250977384953204,-1.1895171401308318,3.2592321595647125,0.2305548717230298,-0.4220205371433995,-0.5103004923350333,19970984,0
11.049354142752858,-1.1149694171852471,-4.294082135119603,2.0427704976300416,2.904468100513205,-1.0741300214492189,0.3574401738116639,-1.37700673988801,19990947,0
-1.6328087281911687,1.0569760795343006,-0.5622350884229266,-0.6571261337515141,-0.5173476376602754,0.0791649303370796,0.8134503727196899,0.6630653118477272,20130613,3
-6.04334522416201,2.3544673946825063,-0.7637777506121795,1.9792038887960863,-0.4953168380383807,0.7754517679663062,0.4780457305181225,0.9188941563044176,19850248,3
3.9950609693856696,3.9107743005764393,1.2992526946920255,-0.3404074105671525,1.6864612891645585,-1.0051669127216218,0.0699836627623892,-1.0624313925946525,20130162,3
27.24832692024921,4.0704712335915305,4.521776452079991,-1.541224109309292,-1.2268285253894784,1.8830633834288424,5.223773299641312,2.748789216596609,19800205,2
11.112219297804463,0.8208610420271029,-2.062935763784237,-0.3801566080789414,2.1706627378429695,-1.2192933632035987,-1.5659325200454666,1.8228111999751755,19981089,0
14.753408568839658,0.8919663905225261,-2.5099283659960085,-2.6179469396389625,-2.1979342875468064,1.2086959249042275,-0.5062568140533392,3.047518029640913,20010567,1
19.719343637649573,9.187805182411694,4.778159850635701,2.562339491495248,0.3854927565727502,1.6751750976714888,-0.380531560131871,2.6951388273686705,20070518,1
11.113302280803062,-0.1524778036678954,-0.8890302854645545,-0.7755029569131376,4.777902270450968,-0.4613937264594361,0.2573805815464555,-0.1790448412905046,19810626,0
11.295496254099872,2.847543927213475,1.9897432743602983,-1.0657857749285526,2.812830302113149,-0.3116211382040096,1.9218039582611637,0.9807857495442044,19920418,2
1.1888730931517486,-0.116263772145146,0.0986482025246612,-0.7786597081000909,0.1953378009269762,-1.4477357906676571,0.8677300910281017,1.013859164404975,20150880,3
13.275001834569782,2.312386865312135,1.793859019788922,-1.303670688021099,1.553594438486932,0.9719387174425634,-0.7385934644797708,-0.4490340728216513,20110205,0
-4.697198887883989,0.2138606039274743,-1.2770678447990644,-1.931757791796511,0.3062641681871945,0.159247255181812,-0.6148941610654802,0.7350068744599557,19920396,3
-3.372531864871098,1.132775000051203,-1.7986241338373954,4.368471448529777,1.1122011384932555,1.0247559750945467,0.0681719243670265,-0.8487700956385994,20010535,3
9.831669823908234,0.8992893508291963,-2.6248971345090952,-2.616495633030312,0.0373551142226162,-1.3853055656218132,0.8484466756631157,0.3791625236094332,20000745,2
4.585211121327238,-4.008609799160795,-2.4169982945210884,-0.5451602226439968,0.8185395752417802,0.4002621723855565,0.2307038223518001,2.465688258776281,19970797,3
1.9035819956641793,0.8077261361126681,-0.3671188145079542,1.164642826509141,0.4831452631076147,-0.9088351525815638,0.6506487858689555,0.5873584854934956,20140651,3
-1.700055133266411,1.083261754531594,0.6890604116914781,-0.7238514969551973,-0.8465719634766605,-0.239503173180537,-0.7445247583885913,0.4531897146399248,20141180,3
3.3643103002887753,0.7369754688707872,0.5789030825308898,-2.503856185605082,-0.9394957238388782,-1.38356063223991,-0.2185394483045052,1.027424382602574,20120206,3
20.52746272035728,6.276738449830434,-0.1640519561783163,0.1359398556265438,2.7711912263237366,4.953201257797115,-0.0149180620194885,0.4861869359120733,19930531,1
9.499716035514156,0.310409513254647,0.270795892980109,-2.0502008764636765,1.2855390621552598,-1.3935407944490743,-0.6593651702024887,-1.06251183003458,19990329,3
-0.5970084754914701,-0.2533714862292635,-0.1563184757545382,-1.6111143999128632,0.956868277877924,-0.4258751519395181,-0.006902638785037,-0.2049779981780836,19880068,3
-0.9198732034393082,-1.3461071484110632,0.4505925842830701,-2.3578799078175505,0.9714213845513436,0.2745604077119638,-0.1594102688381468,-0.440155704857805,20040075,3
-2.5272753482315715,3.026515619187105,-3.1929152470756574,0.1860197724379169,0.2296965156018044,-2.5346476475606745,-0.4023198622541168,1.3368252081411982,20090437,3
9.114378238061136,-0.5183315244585499,-2.1521314453676545,0.0688343722519792,2.879782474687398,-1.1340122403435595,0.4431883193205942,-0.7651209044872358,20070855,0
20.160054471509877,-0.7317028815136882,2.8058449582257694,-2.541641271549053,3.649900210985544,-1.5671787678066045,-0.4100744909878097,1.7121699909570165,20180654,0
8.31076499665417,-2.1307886702531533,-1.4646228055541382,-0.0865525889016453,2.423659509703595,-0.2220563922586609,0.2489941117815775,0.4142936764308063,20140066,0
9.347828962162748,2.679473040785915,-5.5464386305282,-1.3439069357557296,1.4767097482876497,0.5797931340779001,0.2869124905497011,1.521178004720568,19920358,1
1.054603711424692,4.042470174238398,-2.9779829882588156,-0.2538963000392195,-3.686869265032717,1.513106864752587,0.7138130055493073,1.162095152705563,20030870,1
3.262599580619971,0.9575204143014262,-1.8869850498034464,-2.1129039607545645,0.6443040013256806,-0.953272439203142,-0.1185659558699445,0.420482364109396,20131018,3
0.0608662916470262,0.178581074097628,-1.2059627618687705,-0.0307455117806995,2.542860596247496,-1.718077229234095,0.2226102259080266,0.4208071251086474,20100011,3
0.4023645344795715,0.0541008047600091,-0.7398332601884212,-2.1359441177682776,0.6705432954569384,0.8029318911488323,-1.041767550304662,0.0247846897026011,20040105,3
7.0205321113401435,1.6510049283667054,-4.4458718104667225,-0.6533326316629419,0.1490161028662347,0.5501792986087684,0.9470528515046428,-0.0363075320947709,20040950,3
2.962774610378329,-1.2438511450071676,-0.109807506605527,-1.4538545543012062,0.4154568859319325,-1.1407038150471858,-1.4980719940993206,0.3284286994506505,20180970,3
-2.2833862346789187,0.5401766079608691,-1.5166161957115925,0.807126783933669,-1.0223061675588831,-0.1165726315307423,0.3665954413633479,1.053542170444447,20190028,3
-1.436165947909725,0.5332397163753395,-0.0154749900977871,-0.3862561559232232,-0.0984257957291866,0.0430675911173752,-0.1238836726976395,0.3952987451126332,20040957,3
4.427467537775304,2.705037650807678,1.4499604183698642,0.6630090185871336,2.25470042121869,-0.336912183213656,-0.9448235742452458,1.0066328847507575,19831065,0
3.5703114167941297,0.1345003815397961,-2.5899986043396916,-0.5336046595976214,-0.0188007942913884,0.5990593356554464,-0.3212590694296287,-0.1508327040821735,19900709,3
4.1594508485494215,-1.3357322451766598,-1.4781155084001585,-1.0904557902456542,0.9654289985439972,-0.7593167054744693,0.4465036174312831,0.0428663425798482,19890925,3
3.188797410953755,-0.2987703777798604,0.1643960432099364,-1.0112807968622195,-0.6045969350464145,0.3180271681379947,-0.9435603795678004,0.3456040978247577,20150049,3
-2.584918709302379,0.438039973386735,-1.4552440049174855,0.7309436568605303,0.9363559262474438,0.2355626051636218,-0.03556186336503,0.0475896486157962,19850438,3
-0.17205552147725,0.273297368034131,1.221996321721681,-0.0846842350057044,0.485560803316749,0.1571834569815608,0.7482326275091774,0.9407676339869308,20130953,3
-4.219062083030638,-0.5353285548517337,-0.294975172598227,-1.3373197954671026,0.3682520252456649,-0.1568930037197248,0.8030796578545782,1.2086817711024056,20050533,3
7.439611297783368,0.4221459182989175,-2.070465754566696,-1.2966223598616518,1.4536234957043228,0.627763978908768,-0.4984776046638135,-0.1274474105845504,19980224,0
4.099023887497616,2.042192615419738,1.2026146255119508,-0.7522063558394152,0.1676210307645598,1.4092095827601678,-0.5830330648713649,1.372986875779988,20091007,1
4.832086182153543,-0.9625234231588824,0.4017605337201074,0.1687078642058744,1.680581369926224,0.0672007174800946,-0.8362777467591415,0.4893705573541666,20140156,3
15.963604164649135,-3.021049052434688,-5.385020087232581,-1.0743817052658062,0.2564291391907254,-2.56522738536437,1.0774265552974491,0.6194047338481651,19860853,2
7.766358401549961,0.2061232783179358,-0.9282989740921004,-0.5216724002131699,0.4486859992171443,1.5080090379746314,-0.0617111590537048,0.8597210585401115,20209135,1
2.8103204515800413,4.883085489682518,2.2540073774151685,-0.8303502014282502,0.6733003992670655,0.1474240723901267,0.0738988391286813,1.629942672143338,20051116,1
14.063989167984444,1.51358026973856,2.325450612949685,-0.3973321673867232,4.051348245398681,-0.1652570129041595,-0.7670986750820054,-0.5985137279823028,20000160,0
17.162817726156877,5.025639499529443,3.250968491097145,-0.5267631339060033,2.3944411987796235,2.4994133657233184,-0.7138558624569833,1.5062222357913402,20191014,1
4.628288063096353,2.4119302274839582,-2.2371640888839712,1.126088573413036,0.9139735005742072,-0.8650809943838635,1.442280959193955,-0.4107687111599782,20100650,3
2.8888858921362184,2.7958096915441524,2.6930146164292164,-1.4786612409405768,-1.0982051897539686,-0.3801342314326775,0.950622065589309,2.196939326463205,20080319,1
8.31455559267636,5.653346237954947,0.7442185309640083,-1.6695781508649223,3.068619355441062,0.2522076872965103,1.179844421326257,4.048212656586914,20020352,1
1.8473561229285989,2.5887577641462847,0.0175906287481104,-1.2588822472868924,-0.4794823123728536,-0.8539245587200062,1.4753541436461637,0.5412864284915254,20020423,2
6.569566813273526,2.5935104427573106,0.1738445194556632,2.5675447295529095,1.5677479034664514,0.6448941097462964,-0.9681022523682998,-0.1330369842675501,19870214,0
6.769153276821816,1.5413237738476886,4.73922668595431,-0.8926256073873189,4.099203365692609,-1.6554756906954755,1.5218501016477364,-0.2619085758686757,20120341,2
9.9927879222049,0.7823042322689344,-1.4174173892847777,-2.165679637143971,-0.2346729772557654,0.8478759926410656,-1.04138690249425,0.8068767494808843,20150039,1
-0.6696954362946966,-3.7062421313097698,-3.833559232483689,1.8304884255943328,1.0901330485490466,1.4046402969169338,1.9182534258012431,0.0131888232148121,19820765,3
-1.65647887015699,4.7039915795168055,-4.158871025944888,1.9121661496135247,-0.7106211567555977,3.894800957229757,-0.7289773392772864,1.6551846153482712,20100705,1
16.520997511473748,2.6457668095741114,1.5667638002485564,-1.877730037996577,0.813273459489698,2.264628617203776,-0.1784329369019096,1.1263873601960974,19800256,1
3.522912845563294,1.3811628240932252,0.864510690767135,-0.656879725845705,1.4783022727895612,0.6795322499432609,-1.0800402959923834,-0.3610434139968883,19860229,3
-4.59867769575177,1.1733834375373635,0.3133038032629796,-0.3430169660336447,-0.4946678368996366,-0.0002522796234018,-0.6730519705392131,-0.2776801193925324,19880215,3
-1.9593269591032625,2.256193125379834,-2.6572553428679457,1.3823491135701114,2.359791184127791,1.4058741401324295,0.054014093507788,-0.3608476702605335,20090588,3
1.6959203437216412,3.9498936891405303,-1.1520052473047544,2.170470182246415,1.1288404201125684,-1.022391176431914,0.2697786545085902,-0.4290545644548785,20091022,3
4.055121375035366,0.9940079235070002,-2.4147930994889144,-1.1820184810847478,0.5262303990551608,0.2298621940580582,0.7042624214764264,-0.5789535669897091,20190536,3
4.242773593916908,-1.480845424620327,-3.2295892472283163,-1.1488501344555415,1.241644836209398,-2.5723033073369757,0.8841272563579986,-0.3278857645399634,20010995,3
1.30402921771088,2.518252076049063,-2.165666201857089,-1.4516044744852157,-0.7568947422481209,0.6604193288038706,-0.0902282789881636,-0.2724569191111131,19901116,1
14.562785906481563,-1.4691277144269457,-1.509204162190694,-0.7776338529156941,2.4541992564431174,0.599101912478773,-0.57738849956563,2.3063851778655087,20060769,0
2.403950636401318,1.1849184591660185,-0.2107099963676926,1.653507175254858,1.9795087180805615,0.3932256230490679,0.1660311229587969,-0.0220213580140849,19960496,3
7.166140562998564,2.348650491956982,-1.1421514722597348,3.2485199336043142,0.8692418210959605,1.883072612624136,0.3757490763962236,0.97621457689742,20000716,1
7.5316139688029935,4.485952705694317,-1.788112690436673,1.5097741772916438,-0.0512686770449305,2.8619723634735545,-0.7167781331968871,0.257336728811046,19840557,1
10.805615017288796,4.1358303544456945,-0.4587538313272177,-2.753747517516508,-1.3138373759824982,-3.285608177684813,0.6527941772128257,0.2367984350589115,20100026,2
6.123576088571536,2.2006136392254128,-4.130990518224151,0.8818778472050718,0.9192666069847264,3.729989616221329,1.2132852013547606,0.7284385591395296,20070519,1
4.019711969153991,-0.985330830671992,-3.7295671217603266,0.5677079344892872,0.6683034231486189,0.1522592590136348,-0.2117680075433133,-0.2562960610301958,20130777,3
2.4804112391637805,2.2254066844115954,-5.737959542856292,-0.4526680087436736,-1.1787972809949374,0.1028427616385079,1.0416274018277485,-0.522306884824634,19870253,3
5.007604598279638,-0.765541447169511,1.9610131351621385,-0.7338676685408889,1.34546081706702,0.3482890498796755,-0.9679537082010288,0.5126428894486973,19860154,0
7.25341880714696,0.7253819048768027,1.684446245057311,2.4835901884723857,1.581843414149893,-1.5956210585139676,-0.8543902053758495,1.630629960767107,20060564,0
4.22335261382743,-0.0846341887932721,-3.201876845025484,0.7958619316245624,0.4521367658661513,-0.4868821451862187,0.3621713828250149,-1.2662390023439245,19990823,3
6.472225960484558,-1.241912756342636,3.611885540018842,0.7007785837348219,0.8358277349959099,1.316752224692223,1.854209442058126,-0.2914326597334848,20050694,0
13.434979022739387,-0.2100301912550655,4.248794736477085,-1.1346297877797074,4.526928932210956,-1.820108675901243,-0.5982486075605398,-0.8649695862400434,20040932,0
-2.066160079385887,0.3294890003738496,-3.1112333970532515,0.0491529340509411,1.791388913788,0.6156961553511489,-0.4188014998386438,0.5198730144301873,19820652,3
3.618419782956678,0.5133754719165539,-1.2925115146313917,-3.078206964799704,0.5498357067864027,-0.2301019531713396,-3.7852432481902007,1.6434117695925454,20160253,1
0.4711459893959452,-0.7306021939080365,-0.8175164570243852,-1.674942248926248,1.634185297132949,-0.7979337342764323,-1.1139597907998853,-0.5537819490919542,19791072,3
1.524661326834737,0.0345101247912097,-1.171901480281513,0.109174399474317,-0.1176952038435864,-1.1354079992871764,-0.8545865685026017,2.199187871681916,20140379,3
11.762143756324404,0.3093309786174333,-0.818393708292795,-2.1430903065471996,4.010911661286521,-0.897874307438242,-0.0439793547911056,-0.3359936695795377,20020230,0
3.804672302876094,-1.0624311427166615,0.1152889746671109,3.577512460241862,0.4692505194015798,-1.871651200301598,0.7089583399629241,-0.0382414083056458,19920614,3
-4.290011803808898,0.4091970511455828,-0.4382817687696987,-1.7501693710991408,1.6885075352973224,-1.5088086206444578,1.7822896194812126,-0.3835932036884782,20200367,3
10.726326915352942,1.866502198034172,3.559623855407781,-1.1978075579478216,1.0615298271891365,-0.5262457463250061,0.3987297241236905,-0.7000946773772889,19791150,2
2.56804854128755,-3.204145422217259,-3.283933211209342,0.5912206351444091,0.4205204045216094,2.137669398771874,1.2593720611443104,-0.8308903204642848,20100144,3
9.014772390114208,0.7849645065053854,-1.2831337026453695,-2.006700122735386,0.0123832642262881,0.3228506057989211,-0.666111901126652,0.7482140469697673,19890152,1
11.682520572699293,1.7044641918351398,5.007250491327026,-0.2049788200157376,6.152095668475746,-1.0682627558998714,0.2234339325094794,-1.4931802793273767,20110244,0
13.514444129124836,-0.7167749923856385,-2.634260789613037,-1.6188681925598642,3.633269337251182,-1.4354205478972777,-0.7709638928182854,1.3373926921250872,19990740,0
7.557793124545821,0.9752228158968156,2.236372635606334,0.6113777988739252,2.2527871775816597,-1.9287090882558324,0.0431215764690733,0.5264675487445698,20150266,0
4.276404801702559,-1.9819941091013185,-0.7856696753218126,-1.1968609827251566,-1.0159151072217127,-1.9467718435963255,1.9601712016589523,1.018200626092299,19890971,2
0.7461173617534236,0.3498198208774582,0.1869032405375456,-3.3479212519838084,-0.2306392135139099,-2.936526522224937,1.7009475992443024,-0.0042953519710993,20030707,2
-1.8893979916344792,-0.6951231154701972,-0.4961835665524567,-0.4818983939984412,0.6006798765797325,-0.948149493966294,-0.2334415578147252,-0.5730672675273715,19900079,3
-0.3442237160734193,0.0442591662475064,-0.222853863094953,-0.0587481004118664,-0.1669349328990592,-0.6264688587992489,0.5290102578174947,-0.160801015558557,19830215,3
4.23137694508323,-2.254931025729985,-5.929435850486919,2.3596683271700094,4.444353483775879,-0.1092562573154098,1.784301529051572,0.886798309616389,19970555,0
-0.2993336499606703,1.275777653704485,-0.0330959183306236,-1.2458170895165117,1.4320696873755103,1.177493227571948,-0.0722416369733104,0.9011043292967734,19860162,1
4.22179794085856,-2.304280150154323,0.1196252004949814,-2.15550298149359,2.0161599087823148,-1.8583004343621392,0.3225899628950771,-1.532581144756363,20070219,3
7.235249841125567,-0.9208252400977812,-0.505918587389748,0.6272652063488834,0.909504222936603,-1.6567627402551754,0.0861329402143801,1.1768772896731072,19860584,3
3.848279100843296,0.4217999767050043,-0.8855955282586179,-2.515154637353545,0.0938035964858751,-0.257946817778884,-0.1583853822615299,0.0418917904373504,20030319,3
10.91657716792701,1.9652997311446612,-3.4211060601955556,-1.855808776126389,0.8612378208161509,-0.9670679735587404,-0.438582031038819,0.4547928387626225,19980424,3
-2.4951088547574125,2.5599417963872035,-1.3962264380351066,0.4235570865469675,1.5774487575179417,-0.7046092779890368,-0.9784301241995512,2.05224885508544,19810721,1
3.0191956348560476,0.1447445408366373,2.223207406649068,-1.0759742955346954,-1.633064065300884,-0.5440180386568678,0.8951130729581274,-0.0049335385084446,19981054,3
-0.5627644529211077,-0.0127448218932557,-1.4667522033249385,1.2126528330637178,0.3336643817203922,0.5971262548802678,0.4777988471202891,-0.2574121038699552,20050361,3
3.614765179557763,2.1344042006128303,-0.9883833381305546,0.0213202687809171,1.789674388428325,0.0518379054969531,-0.9913847378133864,-0.9925772879615112,20091124,3
5.7621215123481795,-0.1656259821274388,-0.921753461080686,-0.9353215845229153,1.5192533639123238,1.6542939700861783,-0.2050770489686767,0.1194363177774194,20120185,0
13.053456456947412,0.5248006370582768,-1.8639840666837812,0.0133472365595144,2.063931232505087,1.499761669587461,-0.1239087310823856,-0.0521303992706367,20100050,0
6.633105385206715,0.9476085576853196,0.3121409995551854,-1.947490064134068,1.750034465320413,0.6262584135459276,-0.4475178341819398,-0.1053345421284363,19990385,0
9.430357608837598,-1.5615079901100493,-1.3266118329216174,-0.8242633717070912,1.0888403530086466,-0.4448536995647048,0.3890526093063818,0.1614208454421789,19850509,0
4.602372170053049,-1.577865154994469,-5.096377350652325,-1.6376145960417667,2.7478035267696614,-1.4325246987439362,-0.4373185055519132,0.7454444195961053,19870554,3
9.20379046773009,0.4437720082815517,-1.668281784388575,-0.94749562355344,0.454087707969773,0.8104202954252676,-0.0370995026551032,-0.8697248944852889,20020363,3
-0.7375451363006338,1.1083709889772622,-1.3178279698852506,-0.1808381324955471,-0.172609143337045,-1.1551827639129693,0.7096244141281391,-0.1355132091957328,19931147,3
1.0455820525787358,-1.843051676195339,0.3773369735616386,1.2629913982202046,0.912203885095504,0.1565408098626645,-0.6637760215962464,0.7892322245883321,19850479,3
9.371117791680632,-1.2231644275875877,-7.048312148949342,-0.8444330607888495,2.9577648419079874,-2.654722818064665,1.8951647231533488,0.5629555028940766,20000595,2
1.6484109151907909,2.6824494280687956,-3.278469523765954,-1.0117763047344486,-0.072985040266651,0.3192440075763652,-0.7718306721734058,0.8796671809997875,19890770,1
16.168028045587576,3.144181958758733,2.0224908308708947,-3.2194498347796507,0.4684268135050223,1.0008639714299692,0.1475107274790848,1.452575293014443,20050256,1
4.610510226614925,2.255638911354224,-2.9510684065975195,-0.5145522630561659,-1.3402026832947165,-1.0679564916666389,-0.6388094368440599,1.5941711488924242,20140098,1
-5.81089498039217,0.9864192716240192,-0.7743503566900873,-1.0393966776320969,-1.2720554921250349,0.3459233388972079,-1.1416155556431715,1.298113072218682,19801016,1
8.38655241126742,-0.2246347614247308,-2.643187537206712,-0.3579752244588002,-1.13041032924046,1.093787783630684,-0.4746196907070343,1.374984525016684,19940373,1
0.1948528371689128,3.8590150670030616,-1.021269539894078,2.6142072447898625,0.6297588808307514,1.4910498848224334,0.241105533842618,-1.1625162080445028,19800948,3
-0.7923358725750441,-1.0743671220541764,-2.6648390605799905,-0.0104268713610734,-0.4110101572029906,-0.913826342046545,0.5574137120560673,-0.5120268703782896,20206145,3
2.103159115649131,2.0159888401954427,3.3762514270906063,5.063424472293573,-0.2897664120048049,-1.031179669485156,-0.9122749195305918,-0.7934069139362678,19840242,3
-0.8337707833953919,2.1413879272313596,1.8744036143502532,1.7139837420955335,1.6214515783573378,0.1314370750192773,-0.0980459661015877,0.8329342335935497,19940374,3
3.8611356954197142,1.2955751712738464,1.3421973622301084,-1.2778895746436805,2.0869802207265393,-0.0642789832442236,-0.1966715607685096,1.7526886519884963,20070989,1
-1.0837156978255758,-0.0071342753465606,-0.3648840854769309,-0.885340436241422,0.392504987172371,-0.464341767773622,1.064651678820919,-0.5766700769435826,19930396,3
-3.51910045110846,2.909500632168289,-2.4969454373913287,0.4882863902646843,-1.1269939708316463,-0.4710351916437757,0.5045295403828344,-0.5811941714158504,19970518,3
0.8602753692516352,1.0804518630855344,-1.605634743495152,-1.797127331346812,-0.4279219299322989,0.6388295348983023,-0.4299340758959163,0.4600148119859984,20090100,1
2.149296991315172,-1.1424327876103284,-0.4929746706337833,0.5789752752805833,1.6497104020623032,0.9955453262821178,0.6597916262913001,0.4911785686336395,20190036,3
-1.1704813797996916,0.9984883804384816,0.2231274341198351,-0.3580482619289061,-0.6459991957333535,-0.9635436741584088,0.4771365413300159,0.5910805445595227,19800703,3
15.412770831093848,3.7484279889774017,-1.8194541035699865,-3.127809082725263,0.8884597644507111,-1.0940666219833104,3.1483225489961053,-0.0574624233379447,19900742,2
8.13397274644733,2.3597869682292125,-11.6702841680264,-0.7425560725763345,-0.171406023716917,0.4228631174050021,-0.8862596903789601,2.3112293764618803,20060913,1
10.56968463539048,1.0043751560184024,0.9888696563219456,1.9752050041597369,-0.0534837011318665,-1.254065805867612,-0.307488869108995,0.5195515403397206,19990928,3
19.617341023251743,3.335833119969151,3.5286168731676733,-1.2531358179255234,3.952766242549868,-0.36048382470785,0.5269966032136648,-0.0323250106020657,20121159,0
9.748036782568196,4.146198247375625,-1.3150075639811911,-2.9482560700629663,-0.9424420058147802,-0.7210610502271799,0.6681349618403496,-0.0832333065963103,19790820,2
6.6936226344933925,2.3376071175899975,-0.0639693182084092,-0.998783637953054,2.499819984257199,0.3931001707866112,-0.7973427021825941,0.173777999025315,19950299,0
5.827359742610468,1.2214834346636856,-0.4898884970575212,-0.96456709323306,-0.2337989781326718,-0.3022212847243974,-1.6768603167195566,-0.6628563534494514,19940134,3
0.294531070311843,0.9748084698720902,-1.5803925222932789,1.8233337649930417,1.1046804966546218,0.6069178949345998,0.3839463658742165,0.0252054509635906,19970836,3
6.647363599618423,1.5916458765696626,0.2942239221121515,4.940817009538383,3.921530253305312,0.3368286447804032,-0.6224161101875512,-0.8607363080874769,19870483,0
1.5220699849925683,3.169104739863115,-1.5777272952869057,0.0002911493026357,0.5310723844529756,1.8609543315767665,-0.4220451911095939,-0.3441907326814081,20031122,1
7.333248307844978,-0.8134057009964444,5.931377586388503,-1.2333551323261531,1.924195979199253,-2.20106489048509,0.476244572189181,-0.1739639180308164,19961070,2
0.6687616389929971,-2.1825391346522447,-0.7404833149867908,0.5540656942220346,0.3366557084559496,-0.2613944218862273,0.4736568041823528,0.7682067170558403,19800898,3
-2.3837956312903863,1.8327572114932364,-1.4152538996122934,2.013766496967389,-1.4734582546598451,0.0278844537346793,-0.0296036771458752,1.3581735293512998,20000787,1
8.348429270244276,3.811566649072277,-0.6421452931337613,0.433295444780968,1.957053884426204,2.223561758862253,0.463780089607053,0.8981949818397033,20110494,1
1.2825405744218517,-0.7993896125174661,0.2363568751907996,0.5566405373801939,1.1989559429345595,-0.1927882270751999,1.333786270701762,0.6489093391900211,20120613,3
-2.339110826789793,0.8813094106537155,-2.051090474689827,2.1940344508922003,2.074211915531211,1.9838241827670693,0.6472434712333255,-0.1817855750825738,20060153,3
8.04164113432603,0.5022713332633478,3.53461349211894,-0.2795538880147917,2.061348079588899,-1.3649438570356425,-1.2534427116460851,0.4124647282176923,20160030,0
0.1392328734412146,0.6776515676814379,-0.0110571130837275,-0.4356759015930651,-0.1674805002270507,-0.8145308707158387,-0.9874559072940906,-0.1306315089683327,20051087,3
0.7918408013478402,-1.9603699769416736,-0.12335121332287,1.1238128068933266,-0.0622546861998212,0.5015154288811902,1.5988000912257376,0.3135403712331176,19820514,3
3.5292175499988487,0.8620817154788867,-5.589318634521241,0.0979201799565283,0.1278091209607653,-1.155003960408289,1.2388813658446216,0.6337587387759298,19920685,3
3.788825861216668,1.3756032466493555,4.280235123430707,1.3340780554560678,1.4802659381107717,0.6047396549345591,0.4769465432299371,0.9841297683441688,19890324,0
0.8139626278004302,0.4282126630660121,-0.6055050642075979,-1.1757193581361631,1.0351731183776136,0.0688357186665633,-0.199007760781238,-0.2841031552724947,19790917,3
5.044754923424994,-0.4119478434325806,-1.1755764910078437,-0.6587964313122059,1.0336617880781178,-0.9607641478193528,-1.135792819092554,1.9958674932925955,19970901,3
10.980515548235337,-0.981889466093907,0.7040424810918271,0.0444980345742753,0.5733642687521806,-1.779417457711643,1.963268608463662,0.1335982149664088,19960782,2
-5.577918411465379,0.9626508059681652,-1.64936488801208,0.4122813068178457,-0.2475966682653968,-0.8773160701019644,-0.6255772781711998,-0.4952482988388482,20150135,3
8.465223373678196,0.0447197734569295,-2.2718161977311553,2.9722835727673065,2.6169887498903117,-1.4510806923678587,-0.1057991530965996,0.8618374436917702,20030685,0
9.560334905533797,-1.068954117608108,-0.390346441721232,1.2242560568176364,-0.3449125590438424,-0.3197705698109174,1.9256255749311628,0.8217634135707678,20120569,2
8.509960878010805,-0.7213674081717202,-4.020855371688504,1.0398736798799622,2.6829369373826233,1.567471293605786,1.2981585552278203,0.3473010502449411,19850342,0
15.765043242848437,6.8873651298016,0.375957130617646,-2.661649722045877,-1.602845605051491,0.0745575997706192,-0.2516210307005117,5.746028501594743,19940051,1
8.764718527867965,2.0685389992205048,-2.84880942053403,-0.4799387451655026,5.498107309857417,-0.0638424456573293,-0.1738265684717506,-0.4360714187318424,19840975,0
-3.339942997320581,0.542871678845526,-2.497934614352403,0.1025243576067684,0.0804351846365615,-0.3833186961121909,0.8026594078857936,0.4905617925375696,20170858,3
-1.0314654932167555,-0.5390741284619631,-3.001890753097301,0.6482072846309349,-0.0165275564205881,-0.0587924005947209,0.7032742302907334,0.2522245679053926,20160754,3
15.419255933824743,5.272891683796177,7.22429269799983,0.7806270432929948,1.9422674321096591,-1.0114262570032346,2.0471282709116583,0.5775181682691748,20120789,2
-0.4375944838391191,-2.571012399407645,-3.679023156627291,-0.0013848139806208,0.966067757757478,-0.1085591432539286,-0.0794211184583284,0.0800160325353467,20150805,3
1.5017731363778704,-0.3386441158425334,0.6836913992307954,-1.0034547439313195,-0.1679054409216013,0.0051884031272828,-0.2364422242202582,-0.0375754037526914,20000193,3
3.462184092015413,3.169250135719414,-3.1722890148505805,-1.9607165436830811,-0.8959312397479954,2.3729721351169206,0.4447884519781609,1.0810971230341626,19940933,1
4.665544535407476,-0.0194025255716762,-0.0631940825932464,-1.0528124703161938,2.7767608720656813,0.4388982433585243,-2.021527216730299,0.1695709920652102,20140108,0
0.1860518892644554,2.5267545943120986,-1.6025889133498363,-1.2749675186129636,-1.6121834510295308,-0.8207697645220213,0.3553575624962709,1.7603995242629584,19880946,1
5.177997599435766,3.161415217435449,2.051910875237718,-0.7550562834538971,0.0055516879437452,-2.138692507907285,-0.3771046825878603,0.0627996360073669,19880012,2
14.222712877008108,2.404527160266042,-5.092467603809759,-0.3726734251341373,3.376230979516653,2.8777507624489505,0.7906162439526901,-0.0537219500832159,20020940,0
15.796721864674968,1.4352433051303142,0.4355430178526754,-3.9384763234642346,3.966465518067905,-1.9724459199012816,-0.1817659645946534,1.6883542267874645,19910317,2
-0.8780225376025209,0.3715487384937034,-4.126868614428167,1.621390896657407,-0.5433342809975233,0.6115847715594883,0.7743324242343615,-0.7498704814785534,19970812,3
4.734760150430688,4.01264679997586,1.0206530946739936,-0.2840647396047072,2.211784767705744,1.140087809084838,1.04011357176753,-0.1197279863023378,20100502,0
-1.7964964930731786,-0.1627652101001436,-2.3635703473127276,-1.6248484486930446,0.2393946773846976,0.7724099471142022,0.3115065648488329,0.3933761545108242,19940067,3
5.22967100998449,2.390932117950232,-3.5641724233740124,-0.7522671287091369,-0.6131318630319629,1.250331282384866,0.5814764788129395,1.1407081252759586,19800657,1
5.467444066658707,0.8109159214760555,-7.35570943683475,1.3854333997488903,3.4749255182007164,-0.9231575353702924,0.416614897377039,0.6242408404383081,20140979,0
8.05501351326194,-0.1198211786381346,-2.4218231090050732,3.665215167397474,2.911745448563721,-1.4883935677458442,0.1574523586619501,-0.3683877218996725,19860758,0
1.2474844821028517,0.0602359175425194,-1.9174131941376755,-1.3215993306716003,-1.1628429553397808,0.3214639987540176,0.774449548786824,0.1158748648202925,19980652,3
3.7629657976801063,-1.1642107136134363,-0.1006239182158457,-0.1437742284425237,0.5241664819810522,-0.3760882459421199,-1.0583952197530242,-0.1410123910532151,20161085,3
6.703676139851427,1.7380521595186968,0.4930583503149752,0.6059875866646545,0.5497499368410311,0.5982339868546263,-0.4386769886646957,-0.3133717535485987,19980846,3
8.099943126541628,0.5408570589064055,-3.39874622299594,-0.3071788258859527,2.999430458582352,-1.2312866149266408,0.310952259756674,0.0722736470634317,19940479,0
5.299082066581321,1.8583271052401356,-2.393494927061926,-0.119324949578167,-0.4448626917999724,2.767466821685331,-1.7996354005729474,1.4485731454670656,19890683,1
-1.483872018391577,-0.0793003507022899,-1.3042954410493863,-0.8930225351949279,0.6895345347127216,-0.3578577280500858,-0.5035118771013832,-0.6321343639096249,19800999,3
4.842942343941147,1.414099386137037,2.7126584989756384,0.2958579117671734,1.6926558258546605,0.3623367398111278,-0.5733218755668731,-0.0468039353582488,19970724,0
9.910629680686654,0.7797483712567199,-1.9952112980857728,1.377296254576224,0.9865875481095776,2.25377825630135,-0.2546741532172538,-0.2159203585846346,19860346,0
4.662895103669321,5.584795571532713,-0.2678641408961159,-2.08925199645616,-0.4335399184875774,0.3929963176356275,2.3130882744239205,0.4921757835077925,19840834,2
3.502211121481234,0.0958213011787405,-1.6326452824620667,2.0157784520564013,2.292240478895168,2.971671296627763,-0.2082728319094471,-0.0114774570653369,19950779,0
-0.4218959612004995,2.013343643862664,-1.210446140703807,0.4293080330916418,-0.1587496845712232,0.7456139213861313,0.1309179166988782,-0.600017939241041,19930022,3
5.069626062569957,-0.0952893767711982,-3.617071164187063,-0.8212121113253845,2.3184063288666823,-1.411967347041018,0.8368521868216895,0.065767596677967,20110538,3
-2.67217449553712,0.9607085904720288,-1.3699407298679436,-1.0193456878229492,0.3064437371578299,-0.3089599942631363,-0.8044066708156734,-0.6278550438864057,20100234,3
10.66917706041612,0.203135516483599,5.512464274927807,-1.3426402802083246,3.039911042843252,0.6768562413919724,1.3096911284058357,0.1979717022644622,19850849,0
-0.1763320872674187,1.2775823785972111,-2.821772154984074,0.5584090175229435,0.674507151372781,0.5625692110938841,0.1099088598332752,-0.5252640815843655,20100510,3
0.4420129753053041,0.7133757212578797,0.1040700850297809,0.0566873394456143,-0.2432096077728024,-0.5206125042295323,0.0580891968505345,-0.5577457266865641,19811042,3
-3.239119799697917,1.5922686307994438,-3.5782437529118507,1.419199944550675,-2.148771802532396,-0.7755520153299807,-0.3191631664154641,1.71168723734025,19910421,1
3.002738288407856,2.4478776550443015,-1.4190544496800663,-0.6364564781551936,-0.1874781452987763,1.3674498426094293,-0.7817371791633773,1.631610437498998,20130191,1
8.075025199433131,-2.244243594748789,0.6608212577747418,-1.6955310113565798,-1.3467514700638434,-0.3666451807557368,1.9574193942228528,-1.1535226916646897,19791038,2
7.61886234737868,1.4133792865237624,-2.394352040377516,2.491025446612692,1.0812279236436002,2.1272782069584104,0.468093873860469,-0.8723142899748393,20020429,0
3.216019954998071,0.92725867768435,0.3074569790634504,-2.7196390244945294,-0.4920662934412478,0.3729227362859428,0.5793307494843866,1.832886981086114,20020877,1
4.587140685325024,-1.9751664895068024,-2.700723989049631,0.4112563470968239,1.7067602485725049,0.5144046645365749,-1.471377133681257,0.0296814565954946,20010726,3
-1.4057027828404964,-2.454729662308318,1.3524534303142202,3.1414494904274632,0.3673392113624628,0.4734788896585548,1.142392146135501,0.5393001633865129,19940621,3
3.6043861456715978,0.74993405592669,-1.2207436675698573,-1.146819028832046,1.6082327789637345,-1.5159695670756903,0.0213577913788165,-0.5897466178450786,20171007,3
9.540894182775746,2.992712874842833,0.6829790803253434,-1.8245745187028417,2.0927918888713313,-1.1364667961238066,1.1983250231131646,-0.5315161515409192,20091085,2
0.2692397796059892,0.990131699154226,-1.9189000021416445,0.5023579359437357,1.4071179864199184,0.2465797294582458,0.1152765628276409,-1.2249559683256308,20151178,3
12.324651642942468,0.7668660554057861,-4.818764509269522,-0.2696405501774272,0.1846352482837941,0.4793505075753285,-0.2660295215597046,0.3761933118167077,19820983,0
6.117391303397445,-0.6399351605651615,-0.7335359902739421,-1.112130140047172,2.095314617121004,-0.5125430306983283,0.5053804639779252,-1.148570734053227,20100079,3
-0.3087879102869368,1.508256159733335,1.498312930849159,-1.8744740649370644,0.1828057189630464,-0.476046299588115,0.1885557908735585,0.202535719000553,19821022,3
15.013685594925724,-1.0696374581532793,1.6626761683682252,-0.8673534064555747,4.265528298243524,-1.6072279830094844,0.5604501253872987,-0.9786557678277638,19960347,0
13.135144785902853,2.4374430487615655,0.5926320952920351,-0.6425614599463608,1.4863726589136808,0.8475519385762162,0.2629903337263986,-0.0851234874591186,19970130,0
9.799360862758572,-1.1278623779893149,-3.786387801095576,1.8974867264248436,1.5794692421499457,1.4399073558870894,-1.015075757622245,-0.060581346133836,20070265,0
7.941705054203666,-0.594546078482511,-2.2118050722217157,-1.0408489408380597,0.8302741379709886,0.3459891900000391,0.3287769159223396,-0.4421401282250591,20050942,3
4.8466342492651195,-0.1515719907886938,-3.436967655515488,-1.825695693041416,1.3042576302974216,0.5135151884463509,0.6743802966651927,-0.0047656495687923,20130253,3
5.559216483247165,1.1273015789157248,-2.172807415939921,-0.750635379834747,-0.7827157020100868,0.6537100554518359,0.2662205741161853,1.7538968860348736,20100560,1
0.1475391829333528,-0.6012005676766584,-0.1737987483916104,-0.8306958981147244,0.3920167012741951,0.5582574111508353,-0.8506826342094279,1.5170904142179134,19971059,3
1.2775183577583775,0.8102087034752182,-1.082242326995125,1.5976587581019392,1.0441367032409157,0.0451777264221877,-0.5100530864247117,-0.2834199300771501,20180576,3
6.406605239762164,4.080819834025237,-2.99770043891304,0.4399381488145514,-1.4370283319844073,0.090015565266496,-0.3947138082098274,3.665313097645384,20050721,1
7.03994814854285,2.313674837150539,0.9765437581378462,0.3517609275099682,1.3153106394814602,1.418745006309938,-0.3148656183382301,-0.5057466797096581,19940726,0
-1.1307301963381122,0.1243131414287497,-0.4707971845370781,-1.3819564329387113,0.3626165331151497,0.2512365656266724,-0.3597010927325378,-0.1770989418301705,19951174,3
12.771667944469156,-1.740083582747783,-1.7908188350932883,-2.9166451612384856,-0.685656375727287,-2.12387106372619,2.398470601212723,-0.8312122609224898,20020328,2
9.66553274876383,2.382183013885641,-0.826334291315829,0.3222101427547906,1.206232535276691,-2.065033212558099,1.221278786873213,2.6644365822911,20206498,2
4.534654894520962,1.67411827253664,-4.283068668187901,0.2986423105189577,1.7584653941825763,0.5045122121934048,0.3084877351975679,0.8640708521535898,19810179,3
11.58298545277804,-0.598768206052336,-0.0755333564315629,0.2108707294152774,3.800949973314192,1.82198738987829,-2.0114764185098477,1.1559390908796925,19941093,0
3.9624474547935953,-0.8073557406753915,-0.929646956481878,0.409872334388056,2.500242771089918,0.804567210124537,-0.3906800051770883,-1.063304146697975,20140086,0
-2.97868966513244,0.4036854762017233,-2.360078532390291,-3.3789320397324976,-4.77706245596321,-1.0039838375878771,0.3565884044356908,1.09169632476122,20130301,1
-7.647557838119019,4.834410765580805,-4.129724091210676,1.3218279296631017,-1.3148502854150046,1.7857812008903184,1.7974434873523757,4.822568823373937,19970140,1
7.421315998282909,4.479408600527521,0.8603875891170415,-3.0162422564106337,-0.46853878339935,1.2302572390323665,0.1697360007143347,0.6277746177540674,19981128,1
2.0186829078361685,1.94410444494971,2.171359426279877,0.0926543373188913,-0.1960224451604506,-0.1988771315760926,0.6905909029841346,1.1158457462757927,19951016,1
6.874080178378371,2.0003398691120076,-1.4804995422396767,-1.282712140755428,0.6948084708246934,1.090098529112605,0.9932119513246422,0.4899889159775389,20020930,1
2.8376551958189684,-1.109645378813389,-0.7502792512754015,0.1509922213944642,0.7538056409919199,0.5912465737584541,1.3031430771887245,0.8434175806261611,19870428,3
18.238085580800636,2.1876054750890885,4.62413745675424,-1.69551477066574,4.870627339817681,-0.1031039796925001,-0.1328181379821314,-0.9780301960732388,20060491,0
5.918436645699951,1.7587267050060758,-5.250877441262949,1.8509540989523936,4.5487435892233155,3.465878963092087,1.0999529459241864,0.3959635608693588,20010634,0
6.48026024230464,-1.6488550614118902,0.9007073075403318,0.4886100296276514,2.311734453078503,-0.7488793575264394,0.2845861789382748,-0.0067620196192786,19920719,0
-2.941985318919608,-0.2291923340832575,-1.9138059498757416,1.492701899392674,-1.0127758397258997,-2.4621423220922782,-1.0480384476458344,3.8191175379916342,20040516,1
-0.7746303181736027,0.1799027885068103,-9.044657489876837,2.617387589152524,2.153000480921841,-0.4557926246922191,3.535582263816075,-1.0455393657713392,20120582,3
4.691095960564743,-0.1840277755276241,-1.4563340052967948,-2.980338045154284,0.2696638659223387,-1.4231395128828666,-0.5759038417795286,0.3155604959983918,20209245,3
1.9103540108609995,3.3620878520772632,-1.781859305516217,-2.1228689785947332,-1.6765776009657083,0.193024491663003,0.2507062234416276,0.9742086627108368,19990525,1
2.203100407605986,1.2411914254115337,-1.1453726149186674,-2.4067272996767732,1.577534173271299,-0.9945632442345688,-1.2559222029548291,0.7282377343973367,19820084,3
4.256596235426519,-1.2358232712240584,-0.1704402460921564,0.229993608966315,1.3177229622069508,-0.7585671216547819,-0.6513267121071369,-0.0118544220671294,19900661,3
6.444866746848412,4.471665893700244,-2.3118930899637373,-2.87060995860185,-6.409653640604294,1.3654009893283603,0.8652102751750378,3.4716605947465737,20000245,1
8.69600241525397,0.99866445019088,-0.3685208680013662,1.195429797908308,1.4085737419234217,2.743770209622081,-0.911050542554174,0.5645106465957428,19830458,0
1.458865281732032,-1.433700147094018,0.1592905751315084,0.5923495521490573,1.5771373266911433,1.3881184857703737,-0.0898671867597094,-1.06865063152825,20070197,3
4.952731844349548,0.2703397690737285,-2.9454423880870335,-0.5084202298477187,2.5383421123102794,0.867646277243342,-0.4791328312194071,0.6717324589033774,20110899,0
10.878711771139033,-0.988858541037677,1.851296897590449,-1.8846616845693116,3.7694533073156142,-0.1952642593415944,-0.7597593639719945,-0.1699722464987881,20190870,0
11.517054381291974,3.3701131577899535,3.7506914576141415,0.0140103630307127,0.6770534480870687,1.5490418709923852,2.8010049686798912,0.973152406816341,19920501,2
-1.9784193638801713,0.918221043511962,0.2940229137913029,0.0370934938591609,0.2206651986170675,-1.2005593972644415,-2.1878224960444523,0.5368346516023806,20070322,3
-0.2936053722983444,-1.0922712284193927,-2.439727273209008,-1.5561560642361778,-0.8300774203567594,-0.9685460905273852,-0.6772730710752617,1.5532952583171515,19900278,3
0.4704919168258265,0.2673739698117547,-1.7939326202690615,-0.5637646692835295,0.94887680991736,-0.0215091005569785,0.3374840850588607,-0.0659938162721154,20030355,3
4.855895748916258,-1.919745334350644,4.386006551248604,3.152788918186809,3.7243502921756986,-1.3104043589692125,1.8570432672723387,2.364490463799354,19900479,0
7.618064997412369,1.5077457467438575,1.4355962179071835,-2.1044530136474062,2.9713688343930467,-0.7845028321291716,0.0037504631827019,-0.0452761009349744,19930654,0
5.808418381334094,0.0946560887117887,-0.5954288850276983,-0.4416939449297192,0.6940240767684394,-2.0304213301867247,1.537178269417774,-0.0947531736234833,20140692,2
5.278793022185397,1.933299380959956,-5.408872744851967,-1.321816825360125,-3.8783195760884017,0.6888499964949678,1.486089678273635,1.5003193622216957,20130540,1
3.3152242774740865,0.725220115698507,-6.3490851765062635,0.0001479795299235,-1.9600758797813096,-1.2558346690565452,1.9716460321757383,-0.2170664347935961,19920424,3
-3.2352178754182495,1.3197765226607752,0.9547565136962944,-0.1334412570917554,-2.713765446914005,-1.1291946261135115,0.4798295856313644,2.473192243309224,20151148,1
4.6458456096912455,-0.9298291513528376,-3.8285271724919294,2.2318527599511904,2.00220025375135,-0.7798913770944018,1.3187259963000502,-0.137554130460866,20160630,3
2.1510239367211073,-1.6933517914140794,-0.2882053663066211,1.3030574382187508,2.3635562586870797,-0.0933342926644213,0.8127056173245789,1.3227582656115453,20080618,3
8.421740998444918,-0.4840766944849264,-2.815097171420077,-0.0910569880311384,-0.5102052317480499,-0.8356778794491533,0.0245521695729601,0.1831294639276363,19910886,3
1.6698609731475151,0.7077772662659557,0.3288791047428616,1.2428378736555752,0.5618693407643117,-0.107918842010189,-0.1437393264216441,-0.3694324888345671,20181188,3
14.96950964284376,-1.5316715390219708,-6.293237565052264,2.451490613781372,2.8711785099622698,0.1298605633185499,-0.0922681368326853,1.6805136854749212,20150699,0
13.769331201884285,-0.410412326590205,5.448410169894415,0.0998250099141688,3.4042337117998787,-1.5673022518132822,-0.641137278885387,-0.6393194178068654,20060582,0
8.876184598022046,-0.2210295330896559,-0.1373094717909644,-3.582566196276238,2.8209589000168176,-2.511814672643646,0.667295596911654,-0.2683321362617627,19840098,2
5.000758102426116,3.463238825744544,1.9026812089402256,-2.0730101392359392,0.5898930039306435,0.8288869770204214,0.692292164456108,-0.2291452536799211,20090012,2
-6.128500497941998,3.498432113628348,-1.5543295078931416,0.1000517443139011,-1.4264134623365057,-0.3612868006152091,-0.7225560430902507,-0.1304164958141176,19850398,3
11.716440841959605,-0.4539666881365712,-0.3427149536153857,-4.248269308874317,-1.499273893689546,-2.3344672484479587,0.7069276444484717,1.4614591583049952,20181052,2
2.7977563532954393,1.8797122885906856,0.5797816912536135,-0.325225157885179,0.8971951985799962,0.8592453932076636,-0.6157741159415122,-0.5592422606554291,20030969,3
2.6049765924289017,0.4970231415498178,-1.304067109573687,-1.8228768953530583,0.3317867608386422,1.19937886766194,-0.0925154546371312,-0.0319869678082176,19840308,3
16.84505837633764,1.5010241513418503,-2.1722415468253007,-2.932318459873138,0.3088068411252898,1.9891373698222203,2.2456916734974026,-0.1154768844029098,19880964,2
2.98661837798848,4.739448183761471,2.3174163658297076,1.3794941827514182,0.01739650211574,1.0156579810803994,1.191817687378079,0.3759268627664954,20040792,1
-2.099205749104874,2.13873310899652,0.0663991593650977,-0.9730231601120954,1.354419963462183,-0.3404528987655054,0.6718429604364304,-0.6378280606545795,20100087,3
-0.074075436696276,0.6660415496538103,-0.8408828060878673,-2.366464038374575,-0.0808662777524189,0.4352038135900252,-0.2403078745090609,-0.2648050347834679,19961015,3
17.763230678992336,-4.1728657820315815,-6.950363197080883,0.221050408085919,1.1108208268474242,-0.1788628800197638,3.20085292666688,-0.6373681873749875,20150827,0
5.47376736278165,-1.1179779736379676,-1.2864026825525898,-1.6127132318036377,0.5811057905130638,1.993634185802608,-0.8105682779819063,0.6206278350037993,19911042,1
5.110997305481474,-1.761363013016317,-4.64185321361481,0.6010532087436333,0.2363627193406133,-1.2755282504018923,0.7847018315228071,0.1520008985413352,19830822,3
0.5162978054462337,-2.1144553363818988,-6.383482325017398,0.4438475693496282,3.393177882782584,-0.0043528501912137,1.1180148854133036,0.0514278729258361,19790802,3
22.06160057560409,5.139353528307228,3.737874380740009,-2.1386760044434836,0.303598404911411,1.3440969599094306,-1.0801137982221516,1.1832211592055202,20110774,1
13.993484572691392,0.2757835284017189,4.411263065220599,-3.529137636448061,3.956561355743558,-0.4956900323127209,-0.0818454133848517,-0.3652750445822116,20160977,0
2.627429517058721,-0.4743117998721549,-1.4488401502600183,0.286004130036622,0.7226150128766258,0.2015878100585935,0.4645144005908765,-0.2470542911158035,19990958,3
11.888656340128223,1.0552176383484035,1.691730589515111,1.5527157103706366,0.924402345429645,0.3169191802923742,-1.2443711052689923,0.6946156363518059,20010161,0
4.8466733362882195,3.024653207708054,-4.9826203987942055,0.4967554289881649,4.09340753614012,0.7572942132282752,-0.1744072342297219,-0.4767220367270705,20120955,0
0.954795466433782,-1.4683092140372016,-2.52232139603721,-0.135535162581249,-1.5727181142484497,-1.6709703408420071,2.4402018733794515,-0.5078440740058066,19840674,3
11.478732276804706,-0.5786128329734525,0.3969351358419001,-0.2760825663048438,2.0988407756807863,1.7156269097819956,0.470159167047918,-0.4458248960816585,19911132,0
4.249703377934392,-0.8080186162312215,1.106369156326502,-1.4981233104687033,1.6845975651393124,-1.6232422058233955,0.2073109420159926,-1.19052124787766,19971118,3
2.2783712770367965,0.1683039911739733,-0.8152943355850897,-1.5891258110954043,0.3177545693767468,0.9825143215394128,-0.2451366816819429,-0.3818303204717893,20180159,3
-3.68898432758688,0.3632261205929665,1.2914654133817025,0.1321221886945971,0.906765514005971,0.0615272378909445,-0.0588989708121106,-0.0895768756101321,20031107,3
17.101681970121845,0.0538267931217398,3.4289979032662403,-1.525418527805875,2.7590253435867296,-1.1571671822997882,0.8019649619695964,0.4987502137566021,19790644,2
13.49867334610559,0.7052285029415312,0.9510162281540526,3.024266153981231,2.5617133775884553,0.1344417965540157,1.6968080570607955,-0.6518456869241634,20180628,0
6.879542529704788,0.1431461528079662,0.5406374243550846,-2.251045711451156,3.226307808183892,0.3187107923602355,0.0218133762982941,-0.9544743822747664,19790135,0
-5.09610089948496,-0.5403466920261789,-0.062823560477936,-1.1175286471598902,-1.1194446706073882,-0.6027456360776825,-0.0425738571193502,-0.2360723729476048,19821113,3
7.169491134213501,0.1853913339427904,0.3250769101444554,-0.6221569962279666,2.3389057659753836,-0.5698416938750257,-0.3540251767679501,0.5426907007136053,19820337,0
-9.081430782153191,0.8852159418712631,-2.2342657944016597,2.0902505886561755,-0.2557082403186422,0.91711177574755,0.4544290072271262,0.75718343228933,19870641,3
11.150468322436602,-0.8435022806672533,-1.0263751258579883,-0.2093866197562096,0.353321445596275,-0.4890910416098918,-1.2565927200726354,1.4101793588045706,19800810,0
3.3203347104949295,2.3599287201817787,0.0781908289023221,-1.9566889003642731,-0.0408540811035668,0.2725112541887814,0.3393824070842268,0.5630050705963277,20130968,1
-2.3904841999810618,0.9731436285815774,-4.061105263875073,0.9758612508784816,-0.616428915083882,0.6507640405639449,1.0243314797672196,0.6106663701634041,19920543,3
0.2750292529737204,-1.317263172927478,-2.038004248366994,0.1001078437556634,3.686652387148924,-0.9589492379720012,0.0791474785633997,0.3796340363151882,19941069,3
-0.2614893900842885,1.4604268738147514,-0.1723134027453042,-1.5215639905351814,0.3856884657240949,0.2841127549893014,0.4300358468300628,-0.0612074745553589,19900940,3
8.675041784895615,1.6479271009402283,-3.285910165714974,-0.9047916161552504,0.5283413800906728,0.5154047034285243,-0.3100561409258843,-0.4036307797216656,20030838,3
2.367347316531187,-0.7146810612661906,-1.4824912083004012,-0.8128083375815598,0.3603528677589358,-0.1428659627247971,-0.73486032234885,-0.3711331791341197,20020611,3
11.859822916495906,-1.3822520839895782,0.0131555035392774,-0.9465982156898278,1.2048321016084182,0.2296400661196832,0.0197260326727605,2.4865343587327424,20060035,0
-0.9652113606552336,-0.3036519644577328,-2.0895147734320645,-1.966866720279027,-1.8767424335400065,-1.004087999513929,-0.3443193989624614,-0.2573849893984616,19830126,3
11.566610420620425,-2.80484918982094,-3.661197793787176,0.7820412667526397,4.409078214973693,1.7671680308579534,1.4789300381528103,0.8361154381077742,19930045,0
0.71982715438789,2.350413441311757,-0.5154094234127751,-2.060244463598179,0.2320216131176935,0.9987584327001584,-0.093973636346276,2.0207734456040067,19890192,1
9.75852667378834,-0.8057573240630578,-7.615037689657689,-0.1296045702575474,1.6015194194462985,-1.2255627824154751,2.2268852711939964,-0.6609084779525681,19870495,3
0.4026462397197354,3.09292563492396,0.0971080162620539,-1.864975721535676,1.2454665423968905,0.3411791383825612,-0.8286731791828602,2.044554764227154,20160866,1
1.6687042053221082,2.987148693824071,-1.7888168403863662,4.118674646931478,0.9581690134541362,-1.7025641414468404,-1.369189962915326,-0.186347058038147,19910454,3
8.0358016232032,1.3558176477691417,-1.6593104413080204,0.7045065731624042,-0.1165479357952387,0.8151714899802833,-0.4966606892896933,0.0571092792889407,20041006,3
-3.1974320405094856,0.1812903679083229,-0.4007940408842953,-0.0588702572602831,-0.2652931430453738,-0.5196025527058281,0.0837571865932605,-0.2225401131657051,20090033,3
6.972193993568535,-5.0312758878130435,-0.6684737656288298,4.284881005450425,0.8592981484975803,1.2196714259464871,1.676323869547367,0.725331325064322,20190674,0
11.80733770021105,-0.7519958676491724,4.114670268071573,-2.21598919173964,-0.7040216707631585,0.2598768611711192,1.8538572496180536,0.2353756304725787,20060875,2
8.83624634034518,0.2328361017213708,-0.0490796689747387,-2.094613204572803,2.0459193216525633,1.8257823396212591,-1.0001870876507837,-0.4866064357134219,20170049,0
8.812180618175322,2.0780814286364153,-0.121027900977545,-1.777189014402948,0.7319134107741507,0.8266592991335809,-1.2944747647394137,0.1589747728520298,19900070,1
-0.041492340207857,-1.5622818793177813,-2.607726825427375,-0.2466133147644702,-0.2387502749875117,0.1827558674621571,0.086320321141511,0.0623202709213231,19940776,3
2.118456678019603,1.1198558398790135,-1.7382227545725453,0.0742161871872287,0.4258327840359917,1.939285128396256,-0.2216766246459883,-0.7643039705762552,20040307,3
1.0267403339284042,1.2084025254641306,-2.117309230485105,-1.3769129623837082,1.9334510463112813,0.8388205555599315,-1.5294704268033776,-0.5224351682761375,20100196,3
5.035424535033536,-0.0998896295440503,0.2551841681502377,-0.8035587906612222,4.3020753670927165,-0.8045616251598978,-1.424050537043827,-0.0699820634916621,20020773,0
-10.333028504219572,3.9054375852819287,-2.576430543230066,2.4660178122894054,-2.5962024415436793,0.9028827667386776,3.821525034173994,2.126315052909105,20204474,1
3.659435199611936,2.9193558438491904,-1.9385371099851143,0.6174075241125775,-1.4719459076659192,1.334851287751023,0.1377396986877135,0.6358661009885067,20010483,1
-5.8039449657603726,1.1978398423324892,-2.2830670851252597,0.9084396929431348,-0.6214841809847773,-1.3658215817443429,-0.5813575072609589,1.1516640640658342,20120134,3
17.33699343064225,1.0969858628415634,-2.510952721912568,-0.3079456433149653,1.5938529544357252,-0.7893369874952462,1.1442149516273523,-0.6175177304612227,20050977,0
1.918722634610777,-0.2977248279300578,-4.514801981587848,1.4451015415691566,1.2700485815417917,-0.2272105578880214,0.1639608625623926,-0.034651014882779,19950629,3
12.799468183900055,-3.2597359819445972,0.5321408960867822,-0.7238782083538581,3.2541820376871504,-0.8687833027824418,-0.9141515100349882,-0.1814082668049036,20090294,0
13.292624334597152,5.847211921930748,-4.359009881920042,-4.57994780599718,-0.7297213231792014,-1.0166007118867473,2.5761524287053073,3.4726037866786656,20031173,2
10.03490944788114,-3.134449657692148,-2.6387149140236574,-1.1914480267590009,2.2961558561312976,-0.7809533761889971,1.3424385135215453,0.6881165603517357,20071026,0
16.663448074755436,3.459614221387112,-0.2524683755743752,-1.280689326115866,-1.578978410274078,0.8185932101984408,-0.0907939540463221,1.4225637389376222,19870710,1
0.131241409883728,-0.35090622751795,1.7217275105713457,-1.8183926610715484,-0.7490467088971182,-0.9431679392923829,0.0647675952648963,0.2685500741490252,20170410,3
0.8030963513710425,-1.0575273662431235,-0.8349899230871084,-0.4551157405176635,0.281269938393751,-0.4820007649469466,0.0462968174762871,0.0073696165419408,20160742,3
21.285599337599457,-2.1248662959834284,9.175706118564456,-2.1287714408020166,6.407824362940558,-1.3325975197119608,0.8443316264313213,-0.7524805391846849,20040347,0
1.8031514836815952,0.1570728022927297,-0.9425501034051504,1.305244218956625,2.1361960847025405,-0.1021238102930229,0.5362939665301397,0.0623531586598552,19991072,3
12.751563430515478,-2.979826850203111,-7.614413799587359,0.989361932993418,2.7324042686799084,2.1238677440152585,2.7256780254667077,0.4047459458703232,20140500,0
8.584190751761012,2.9906668834192307,-7.56931501944161,0.0446657374528109,3.412595223606828,1.8253462869714632,0.4279224829307078,0.9595192461688468,19970867,0
8.257437073377762,0.7143473726089183,-1.8368594447220377,-0.8905363783896674,1.101427766506197,-2.1573482223797296,0.9427215435349036,-0.4800106445877747,19830921,2
-1.0874397435434704,-0.8310371791970642,1.3635837857024304,-1.8207215498506435,0.6684009198129192,-0.2446151141624408,-0.2617791465729087,-0.839018764448735,19900062,3
1.338151701365332,1.7139527211481909,0.1680670185815234,0.4472879896856881,0.6515600702860787,0.1663840724931413,-0.2380559797761163,-0.0526364795155005,20001113,3
9.665004817323926,-1.9540302072950837,-1.943828027518438,2.2397403875929625,3.2100204691747765,-1.6034612869154237,0.0254819935696483,-1.056888703639285,19820808,0
3.992624072456176,1.7448334058923696,-2.8408043658958912,4.838896832951433,-0.1300550749799916,0.1241542631184082,1.9461103262388684,-0.9626160990926832,19920442,3
-4.20087681085778,0.5557263257889177,-1.812961923142189,0.8228884828033246,2.0873615660701987,1.0499871985040317,-0.5337999026931819,1.2077004984283484,20160721,3
11.677388670911675,1.3651019615177211,-3.9229378268466673,1.2638476504149592,3.1570257271390294,1.139533914389821,0.0453154652947423,-0.3491746790001138,20190844,0
5.115223127555987,0.3347309009702068,-2.790525737191476,0.7099417847250235,0.9679195979777416,1.3004566563278188,0.1143523451228585,1.1422792875826364,20170556,1
-2.8311450430541045,0.47299298518317,0.5147475912327427,-2.130198062423187,-0.478745238763645,0.5757707974555883,-0.2434658045459326,-0.0425456521578202,20111083,3
6.229279781966794,0.6687734193335462,-2.255067575430801,0.8901963874303713,0.6800039776091686,-0.1439655451486789,1.1964580509080112,-0.4255245540898165,20050497,3
3.215427379711301,2.2281393550390765,-1.2329539482953584,-2.179117478011357,-0.7718768743261302,-1.3383457101666585,1.6365347396504968,-0.0874403485106435,19950191,2
6.260981647168095,-0.0699057598695976,-2.1871204007402305,2.596661006548093,2.5542563265711817,1.3029796476006017,-0.2365619471802217,-0.7573047320943195,19980850,0
14.186617155757345,-1.6758661462275024,-3.639905524386105,2.1994521318623765,2.4390073558678425,1.415337398649669,0.214953454232501,0.5588291586220555,19880650,0
-0.6493032503342586,-1.896530997974552,1.0801130930638343,-0.2575241032992318,-0.1060845402131198,2.122007455321812,0.7306683686121287,2.188258394086714,19891057,1
-2.155733641335197,1.59715570105235,0.6473959261197384,2.3534421506035854,1.1860554916662167,0.3613579743131036,0.4936467260713021,-0.3491501907294712,19970408,3
1.2139081737479835,1.471250844200258,-0.5089661377628188,-2.1153883113843506,0.1424865109875667,-2.9660110229884964,0.784189905091805,-0.2176485353814664,19980017,2
0.4246764868215098,1.2018553522448157,-3.834274066787669,-1.52018085766209,-3.7584061755060567,4.580103063587508,-3.7180660539597272,3.857546438405069,19860095,1
2.6643171178136416,1.783935691090577,-0.7893437881382701,0.0309473797710713,1.430613733995167,-0.0320734070233694,-0.0954298544759477,-0.4585563843077868,20050752,3
11.93759664879352,0.995413765562477,-2.8322032594377244,-1.116081155155518,1.5949694423929657,0.6474314715940518,-1.1931457956502658,0.6150948669787786,19790419,0
3.246691131989829,0.5977412622671812,-1.023412836794618,-1.9670383441782795,-0.4672130807263255,0.790461141467147,-0.4307589708014198,-0.504368957433093,20141063,3
3.8977978201967978,0.0267062115439166,-4.302366158061016,0.4009409253779307,0.7957810910151039,-0.6100888741045698,-0.3893039468532665,0.3582325704404454,20140997,3
5.141846070840685,1.7054402725648077,-0.1542903334218392,1.8116396262565435,1.4293235647264706,0.2689728550044076,-1.1097692561208774,0.5456336795876011,20130534,3
1.1325482657664248,0.5616523373751309,-0.4452164692892587,-0.391266688992101,0.0092059546655241,0.5924739103703797,-1.0981958504868412,-0.0841188847387255,19890079,3
4.808131843329588,-3.9656821681640726,1.277914487301179,3.743656624711629,-0.9693351831302706,-1.1258700863278996,1.074553349708859,0.2338374478803454,19950728,3
1.0398130993887256,-2.58932364409966,-2.7372873504574606,-0.46184572147513,0.03288606351449,-1.0084039362899762,0.7946606976839247,-0.0985679353655012,20031157,3
2.3523721019495825,1.3216559506580845,-3.0212037191977066,1.6277634485797272,1.174440775946897,1.777959429535493,0.9798710666838926,-0.3326125692579183,20190580,3
4.596776769060298,3.890771509576794,0.6748997330349042,-3.340107721527341,1.7572720111415914,-0.4285626991786435,0.728441406423725,1.6246644118582043,20020104,2
12.03242506686166,2.1798124080999557,-4.334351616741474,-0.5784529489343807,-0.5813912804671565,-0.7874995151942904,-0.0068517470951321,1.3650872092862694,20050558,1
3.9224630828890383,0.1177566725201446,-2.3702219164249287,-1.4096243486512927,1.008129092805063,0.3539240989666781,0.470637227736367,0.2620511340938781,19860298,3
10.16925649833083,-0.0730469134048563,-3.001788364164707,-0.0062074203394596,0.011873913851117,1.1927809382970074,-0.4264815710848621,0.9085593181208316,19960557,1
-2.1002203308477587,0.2763420125418285,-1.550135543421132,-0.8177524448341734,0.4540957245670695,0.4843004080285806,-1.0598222907365649,0.914483162420924,20020916,3
25.00764608219442,1.8756349695331136,-4.445002733348597,3.547505509948802,6.235250086817377,2.3706969882675404,0.7752726857315669,-0.616875862708554,20050665,0
10.61426943023095,-0.8139246874442254,-2.280720048227127,-2.970532074549706,1.98871602809623,-0.3781789786184346,0.1480695979309823,0.3773612059018535,19800601,0
18.41326438724547,2.454463888840668,-0.7995038621232989,1.4188621959923746,3.3831500649097497,-0.0373466531807264,-1.2462554209278058,0.5012983755532513,20020495,0
1.519815097410575,3.6589333221455114,-0.2453495666733092,2.009338148641572,4.910713525677938,-1.2141662888338407,2.648821163411078,-1.5781652036153109,20040565,0
8.096570480901292,-0.5721194305696111,-1.680788803516341,0.7183537633437201,2.5876567478510335,-0.7047118750177724,-0.8772036244903463,0.2315519418893444,20090774,0
1.0974849595550216,0.1596273520978163,-1.777530759185091,1.3021840211100495,1.5953668316684275,-0.5698224761174363,0.6055137641531317,0.6084606089504923,20000465,3
1.153622877833571,6.351136523759256,-1.566805555683444,0.2718060566651222,-2.8738191017555708,1.0285063914611128,0.106855187508846,2.742095996410318,20180545,1
4.274902336330143,0.3629870040306581,-2.267758175860918,0.1999741778768346,2.055093983600258,0.8902503549408081,-0.1998012473655694,-0.2024997843426323,20070695,0
-1.159374005887081,1.808655283335905,-0.689271415324565,-2.279073151289937,-1.266536303780347,0.4698518539267442,-0.5208256289951527,0.4610828043276133,19880874,1
14.152779280942893,1.4092005511941692,2.6384408265080856,0.4057716492228743,4.193034062174851,1.2671425882979397,-0.2061970095760316,-1.767189606225277,19860443,0
-0.9118403332532746,-1.402507909765328,-1.2020862277040951,1.019122267634564,0.1833123000853603,-0.4789476624465181,1.4065249944726297,0.1008095646346567,20140118,3
1.067822328143553,0.6440732206449793,1.8096196827345623,1.9295370668216223,1.1772584538561597,-0.5118210443796696,0.2096972830977901,-0.3081140207766976,20030472,3
11.346901472780852,-0.0952931647052434,1.727862040264259,0.1921460137703448,2.0620027029467742,-0.8191288211501514,1.133046087049761,-0.5783680128135376,20180608,0
10.948416120890435,1.367063508835462,4.88839063252489,-1.333874920199687,2.6917370479311833,-2.4190660574816416,2.319328160654924,-1.5265574448806836,20090910,2
3.0910100173969153,4.235319077604326,-4.411261513265877,0.6453018786129897,-1.2535856724441936,0.8050297300690787,0.190470434397571,0.341599168503543,20060620,1
9.199993935579467,0.973243375183742,-0.1821495363397595,-0.8063119659607709,2.3203531513154347,-0.067376070694262,0.2891649808403663,-0.0748076653065848,20010428,0
6.2048406434935455,-1.1433210836089935,-0.5696426478516021,-2.6342931149165083,1.0006411643340367,-1.1982303984049727,0.1988852583582757,-0.6893863513827939,20131043,3
15.06354361021417,-2.475364940414591,-4.012244453696456,2.3542857138363407,2.721616090432976,1.0054388706975028,2.6644333390993076,0.3627824689473206,19921005,0
19.689007467870777,3.3740235006988195,-1.3325336327420807,-0.6881793987233655,1.698503970618407,2.332196241612091,0.2762140417886211,0.7701361022820289,19920472,0
4.571022930061727,-2.862885697409641,-2.6879995836903827,1.4155520452000834,1.4610254253974255,2.594683675548841,0.2923597188869546,0.3253893267014381,19940383,0
-1.5678640791627945,-0.9882357986128149,-1.1413996972162022,2.3227947403809037,0.6800100804009775,-1.9104975441491048,0.8660455385360964,-0.2468258720729303,20170534,3
9.406079632015382,-1.3031887211822113,2.7994143339197453,1.3918521721070338,2.770425408855096,-0.9833322348770266,-0.0110705013283143,0.0430823874675605,19840606,0
9.731485149662204,-1.446195413464395,0.0407352438898718,-0.5470082717955957,1.76943830308305,1.414474365518279,-0.6890550310212551,0.0803934862249443,20190742,0
9.49447439906817,-2.2575053137448253,-3.882938022648224,-0.4175535313281294,2.0581256653117204,0.4336674860588899,-1.0113566753399048,-0.0648547259565164,19940163,0
9.373410525015268,-0.4731082158153041,-3.615444079583068,1.2806676947424815,3.1325708311280915,2.0031244609801795,-0.1360180635515836,0.395712279869483,19840188,0
4.286310851696085,-2.061995177725484,-0.8424372418574295,0.7600632621179062,1.900265438394681,-1.0281050210458662,-0.2291439361816774,-0.4932276548290256,20160486,3
5.926247459060317,3.486328222449502,0.4484803826910234,-1.4473511721014083,1.990924945041304,-0.8798927322423213,0.9973646758676508,-0.5606040779482221,20160827,2
4.360863704456321,1.119077017255658,2.401655846055338,-2.1502719085874085,0.9542474823298096,-0.355173083631058,0.5161742588011424,1.4589830144453129,20020394,2
0.8608801336644846,2.4693431525803504,0.1771301657257344,4.5030658155678305,-0.7175217572029149,-1.5482419498086897,0.90281440300596,-0.3735357795877054,19880698,3
2.110344579143164,0.6954720841908552,-0.0625330512544699,1.9297798449926045,2.1849018294527456,-0.315577425554021,0.2337761200727644,-0.1143106606156182,20010146,3
2.1854016114685666,0.2487035178931814,-2.8637727251358904,2.8950497193262312,1.5433215433825016,-1.899567830617262,0.2806156437721721,0.7477537554415663,19950512,3
-2.7417243625054755,2.265250075600485,-1.077574599700963,0.71027078045938,0.0172478226015111,0.8684290741314223,0.4359885090521398,0.6522400297072241,19950547,1
0.9828055917823534,-0.7501078130257667,-5.975605005363982,-0.3787721358251628,2.5116055034649065,-0.9708689440413338,1.4093825080175757,-0.5233342646094816,19810388,3
8.460526222899691,3.2481583773949407,-4.266474117905638,-0.3508091174758819,-1.4389260315479102,-0.6116177023840516,1.7182735406701086,0.7536352995117207,20180244,2
3.4888441267157075,0.2976844461963109,0.4834380685203623,-1.6114835384147237,-0.1678194289993891,-1.6260789659719592,0.2211531354847097,1.040712674250304,20121109,3
3.2779674010570448,-0.4139180233925568,0.0722290476483281,0.9187845517106944,0.648508413017244,-1.5330461418799013,-0.3413235712169542,0.4219587963480966,20020816,3
1.501635179149216,0.7045342010991987,-2.1307254691758515,0.4802211440199012,0.3792550119223967,0.2440534796733614,0.2652575045074939,-0.536918629015855,19960993,3
6.844360726512153,-1.445154704602598,1.6092578105446935,-2.4340626712297393,3.737549444053556,-1.888138829698646,1.3201031123204303,-0.3649110794093799,19860202,2
4.1789209827919,-0.0085275465857423,2.522362144977651,-0.8438827372235296,0.8153181195155498,0.1482823799726423,-0.7663239706290734,0.2650280209025991,20070399,3
0.8566607692020544,-0.0271682807936952,-0.1701576094727447,-1.6336471114071005,-0.236433404626915,-1.6416743228285589,0.4559204804846429,0.3993414164670726,20110888,3
3.329439345103688,-0.7235685201905131,-1.4781834633222042,0.3302865237438193,1.552039407655145,-0.7959089412030401,0.2234548166397795,0.5471918434723353,19810659,3
8.808304384182675,-1.9181475728666095,-0.7805343861019752,-1.3496597094215173,2.7239112193734316,-1.7759973333659158,-1.1767922261178367,2.6732504825512096,19920460,0
1.003199387502761,2.6072725929815097,-3.2064848604031795,-0.5304683148438022,-1.8566626505358317,2.6799206850921813,-1.210890540128713,1.2535770548543703,20120172,1
12.400337266676592,-1.4997161513908426,-8.023297484204306,0.0094040945899325,0.7177019115935422,-2.2865966773889936,0.7249071963983243,1.019098929839945,20020803,3
-0.3076070651219536,0.9382026044192624,0.5013333116904627,-1.8329197046122363,-0.4541739850582633,0.5385621207597776,-0.9156009659423572,-0.3824842097522676,20101141,3
0.1726081469761215,2.588724252389119,-1.0659130132038892,-2.3732610094166864,-0.8138918587693542,-0.014211237850094,0.520641949382455,0.6088636977926686,19970487,1
5.916663589448946,1.713068685734721,-2.87106268902246,-0.8282903645122058,-0.0083660690107648,1.5077275733269186,0.934372305138907,0.2552482067953985,20190021,1
-0.3018922622774955,0.419759931605813,-0.2116518867305892,-1.0539237290365262,0.5044525016427124,-0.2504535551780114,-1.6593545878904912,0.2338235318672891,20110037,3
7.550080339786272,-1.0006698358356891,-2.7534966560948972,-1.575578154487014,0.9008287731916358,-2.2250002967223357,0.2584644420757008,-0.8957232916470657,19980067,3
5.917438934242145,-1.5142382080798982,-3.3790422948532517,0.1152376492271484,1.426996308660854,1.392838835006201,-0.7165417167681503,1.125942615989049,19931108,0
2.309669720567785,0.3700769139928325,-3.010067832895373,2.122256672514624,2.542170461117593,0.1291400966697657,-0.7345504826776684,1.1195275496243342,20070608,3
-0.2247351531300641,-1.8840610348827125,0.2802147173766398,0.2732208142316422,-0.0479391110181533,-0.335938733232042,0.3009505789215577,0.3695834896214076,20190620,3
16.1460642463897,1.132667946001274,3.262494052091673,2.444972101991766,3.6259439548277688,-0.3288694648176676,1.2575360722070148,-1.03213184204817,20170794,0
5.527174346995213,-0.5868453963931964,-1.259805969161219,-1.720125826369456,0.3219884017443871,2.155161676358289,-0.2629238364433151,1.6811539863821812,19850265,1
0.9253082533252878,-1.1306790786514451,-0.6500390283050623,1.0147417503641127,1.045643608126413,-0.0395698096276559,-0.2520422986466136,0.9287011275882132,20010700,3
-0.4931109683864725,0.2985704120478889,0.7209341285354667,-1.2802594385912764,0.9096292608652492,-1.0371024957463706,-0.0349035166355022,0.0168121913499137,19890108,3
-5.3083565218258695,1.604730500714684,-1.417400527532954,-1.74248362578966,-0.8706955869275528,0.3154731762269304,1.4249128121528898,0.3825082303703473,20070275,3
12.381557025640936,0.2434574312399815,-5.78890444674526,1.9558775899838137,1.7979408697822874,0.4231090058556158,0.1035131855033812,-0.2780266766911376,19880581,0
-4.84781960148991,0.1890993376046961,0.224811336340038,-0.9292872098271722,-0.3569299259223642,-0.027054751212778,-0.838611645654925,0.0706196717109414,19800936,3
-2.4013133126124884,1.160292714670373,-2.696612948492247,1.409548987255329,0.8182968879133513,-2.04292473241966,-1.6236768541655142,0.8992472573090039,20190927,3
5.178363180502487,1.4587645745382865,-3.3476378573518004,-1.5892020745553264,-3.4643575884178364,-1.5262674953343505,2.4237610229149484,0.0279747325771834,20050282,2
4.045848871993137,-2.5509812698765253,2.261861504217836,-0.1091313822150598,3.751946080644025,-1.347071431661984,-0.4762089624286986,1.802724300650182,20160735,0
0.2564856813112311,-0.8814126769975511,-1.2977073013463372,-0.684782645167475,1.9457819018704037,0.9063468647038336,0.1727915285862636,-0.7898193947549162,20080093,3
9.229038240692038,1.7986498225951493,0.664982005996348,-0.8704430023306342,2.302256185438115,0.9904376379286982,0.3594262986101201,0.8819948998850093,20030573,0
15.134356900008411,0.7484273000487632,4.223842971347622,-3.3634923016560068,0.8597669703762221,-0.2311920153255325,1.162973175948654,-0.4436876689883848,19970127,2
-4.603228363238934,0.8737548439410491,-3.1363188489137435,0.9990415121559304,-0.219222879616149,-0.7879322368276999,0.6593599676116184,0.8614254473491881,19920451,3
4.0653867373775965,-1.4908576891700094,-0.3405648624786819,-0.8178605145488728,2.7305580307063844,-2.760234385987944,0.5875141436868292,0.447288068497057,20170299,3
0.6095344224963355,2.0491365294491377,-1.748611410653313,-0.3759494222076943,-0.0726711831514453,0.3860361313627332,0.9332493932231744,0.1836529033671149,20120745,3
-2.0123350740066672,2.898838156522359,-3.3272326023838867,-0.1747395548072014,-1.352644948363146,2.4012556287183004,-0.1865343001217125,2.0252081351039717,19870642,1
5.657813051068239,1.0104333417104685,-2.581731367600483,-0.4334245003957233,3.2346538670649565,-1.9978989982704336,-0.4613012255604134,0.2990436016873787,19830144,0
-0.0401354373345128,2.6358894353827877,1.9602726397506665,0.3237723434213335,3.004797716798455,-0.2948686851779081,3.385174035222953,-0.5761217979141999,20120478,2
13.95634806172257,0.4047246462524653,-3.0974552983534607,-1.8473647934461024,3.20511626830912,1.0666748761562024,1.0232504715894726,-0.9552552899518192,20140201,0
10.92850190582994,-0.6862855727143818,2.0428965013519527,-0.8274019343513414,2.927899850564568,0.4032284225407413,0.4197673684226685,-0.0300684307465235,19800725,0
5.378314199251722,-1.264205995958499,-0.0870258882934696,-2.2047400000213364,1.068094830433162,-1.3507361167761678,-0.9878785697517682,-0.577989045185373,19940115,3
17.531410845975014,-2.497226782857295,-1.853553129867244,-2.19090872548818,1.4978039587166774,-2.1051951706502483,2.4254974052647116,0.513416244547555,19790585,2
0.3447697056125482,-0.1208250741070443,2.1228234319791124,-0.5031077253923993,0.5296744814751962,0.3464980945046887,-0.3549218894963285,1.172399634505298,20041036,3
0.063023837500129,3.15463739489744,-1.5269569607062363,-1.8718103488128024,0.089796388823336,-0.7374382550689645,-1.0386805963953465,1.5052264188322957,19790171,1
-1.5907082992878576,1.1239505855615348,1.6847228354690915,-0.4363886822935114,-0.029482068550657,-1.1601319128473266,-0.1247755833687518,-0.4486070324732455,20080109,3
5.735759033492252,0.6004002226471802,-2.6663439614757607,0.4008031466568436,1.5260598078570715,-0.1306903709169598,-0.276876732018724,0.0705624666626787,20150953,3
1.3351725839069553,0.0560412095687452,-2.0655651553871786,1.222983217452712,1.3539816869012098,-0.8054559340865806,0.2546482512280268,-0.7099286883661159,19790770,3
8.021171519444362,3.4846116575726267,0.1737573166326787,-0.7415788959917522,0.1512081003558925,-1.1232172582282889,-0.0363885321744248,0.4590396912208404,19900390,2
6.923487102332774,-3.4287640457932445,-4.033757049622798,7.365665614603249,4.036578485290283,0.5544120449291218,0.4955279957496536,1.9425770424407975,19980803,0
9.480235858763152,-2.8916388048875783,-3.0021630906752046,0.8930586371770104,0.4824670934645518,-1.5507006284259084,2.8112901136553776,-0.1651785368154274,20100682,2
-2.1775917241144405,3.073679459258374,-0.3485841513010291,2.1871741811655787,1.7715743823760752,-0.0887015550061265,0.6583188100777493,-0.5491133358585321,19910691,3
15.812058362109678,1.8802472427913983,-2.2984530827459073,-0.3550972473859209,-2.1879980913645234,-1.3143572687980936,2.092419627099839,1.637149748194719,20150871,2
4.965351849294641,1.0512155537212735,2.160361532313801,-0.8645276385731971,0.4323911139988035,-0.0424738161525983,0.4541784277628934,0.5376534834002739,19850785,3
-0.7635520791730647,-2.4258106564199173,-0.5386242057270522,-1.4859274253118495,-0.9914439767930766,0.266416819647191,-0.5065976033286289,-0.3024486882078318,19790369,3
2.9360830540892,-2.3741034394951384,-0.2645770611809128,-0.7638014854610952,1.8487445771195097,-0.7364783373025844,-0.8533249943882131,0.6428819567710735,20100437,3
4.905084057670971,0.8551077358457891,-1.7171607201701546,-0.9172974935817024,-0.0185693951069457,-0.1513224170320414,-0.7327000583608065,-0.5298369246242094,19950255,3
5.876016353418943,0.367871695117221,3.271333697951322,-0.1552200903376293,4.564602570100094,-1.262562914350634,0.6305190831496491,0.233468017739749,19950453,0
18.465172253014032,0.6576506706171552,2.9892717625009317,0.4166533265451298,1.891878671395212,-0.8141617956697732,0.2370645411679982,1.9037451603536348,19970579,0
5.155747463034005,4.600410495810359,-2.1846338812853765,-1.0806378846905815,0.7837911534827168,1.0686108224639048,-0.822878158513404,0.6809149269847069,19991045,1
1.2189281600591106,2.495243393994144,-2.018820213152963,3.189888061936843,3.37611711654927,-1.9737134258709803,-0.8714874260783416,-0.258588825596124,20080542,3
0.6315542034254806,1.5906372610078303,0.2701439104179641,-0.8028855209694095,0.4211548149805076,1.4785777357854264,-0.2630354158042453,0.3750738367646458,19790391,1
-3.271326440378663,0.3184428995337177,0.3043659078164875,4.229550752102285,0.0587109733811839,-2.5055725528688564,-0.1880402109150285,2.2458563475947617,20150637,3
-3.8131867473342544,-0.6381836792591066,-3.1575068381639233,1.319845072806087,0.0726148707181148,0.3194614402054533,0.126530286373574,-1.2062999087152997,20120911,3
3.3606357912286695,0.722539253001185,0.7464641483687899,0.0518630338037087,3.085092612265311,-2.63257109401059,-0.4800602714754834,-0.4055349763785068,19790963,3
6.220213051833012,1.6383125625239363,-0.1492505776029579,-0.6384688360048606,2.2299554371307395,0.8071470225595563,-0.4802079941945577,0.3966173890600841,20190172,0
15.37614403722295,2.0652700762646634,-2.746321039303045,-1.8327366364741915,-2.5814320754251896,1.885595529197791,0.1649290335754229,0.3053042158070692,20090133,1
10.670816478373816,-2.3567245219007087,3.022001432444865,-0.3774148494422785,0.9014437001941128,-0.7026710249747902,0.9958930543588626,1.1591894184172853,19960679,2
-2.433972390216306,1.5163041980900165,-0.2621432046708756,-1.9764548932252888,-0.5221309465050148,-1.1210244450109172,-0.1363444232106752,0.3332370397020835,19940463,3
5.255192350407877,-1.3837798664664385,-2.5050995692942197,1.2755319140771653,1.459674306094212,-0.6321971975322617,-0.4584105112031404,-0.0219978313158946,19840829,3
3.8679979397931055,-0.4999426857656761,1.966764890074442,0.5266596470173471,0.5078326164548742,0.1900317171477485,0.478450353229003,0.2982836677481046,19980204,3
0.201970659444577,0.6756679794432233,-3.8562975985726258,-0.3883586486122236,-1.626248353475099,-0.7666352439561475,0.677627797987754,1.4429277653984744,19980520,3
6.0683375651503,2.838166932062314,1.3577520197736692,-0.9717373493493262,0.5342820219184743,1.080911106657678,-0.2414569044175529,-0.1786830190825078,20110323,1
4.509693369419706,2.987219517417786,2.139640037722524,3.781167568959636,0.3844326179580666,-2.3293615985813543,-1.0251578150427565,0.7098549535354408,19940431,3
1.184665012764131,0.6881419789910055,-0.919185241214554,-0.1708442431409738,0.8235830577429827,-1.5424047987785583,-0.769781432553814,0.3154390815035461,20050312,3
-0.386640001177404,-3.528966378785113,-4.471225793408252,0.408008349029559,-1.010985815825561,-1.4237793650262198,1.342506335923121,-0.1881801841064727,19870780,3
2.012911687631229,2.953669294892264,-0.1983704438679703,-1.9738506092361137,-1.8433964394948157,1.138399236690937,-0.6749396910131119,1.5142058595092975,19921039,1
6.355222901466655,3.284112331173224,0.7804932639554298,1.6909897806438885,0.5709644896688175,3.871383285123011,-0.1470828601929182,1.7059166845543807,20140418,1
-2.0489432813498483,0.8281271468819271,1.5827773502563094,-1.1663854778379266,-0.0486365213505075,-0.0520122169647427,0.3501566476886348,-0.0383333895165844,20170033,3
27.920184844672264,2.373245927544061,3.162742755471522,-2.305099056541454,1.0412425755702095,-2.4139552240684967,4.566418474842875,-1.35445783071492,19950852,2
4.889759148842403,-0.4781801082736652,1.7076574896453076,0.7144961982157806,0.7066252514457657,-1.2527178822553002,-0.0471262592825749,-0.5414577153053834,19830893,3
4.560070944747355,2.743620862882024,0.1958527875732232,-2.009483520657541,-0.8500556522335572,0.6957645983794906,-0.1674296911609366,2.266327611206011,19950970,1
10.214303250604098,0.6798151572446738,-4.5316088116315525,0.9764612670477212,3.045474181178502,1.2052380551839357,0.7675635118115809,-0.5645191364742764,20190008,0
13.017112868542831,2.791995686623516,1.2526636117594263,-1.083351749776286,0.5099851211312669,1.3899076105638348,-0.2297716807889697,-0.1154412781765519,19960027,1
0.4977931628534722,-0.8684703210267072,-0.8269588431486304,0.5149302002768938,1.7409890690153396,-1.205558819693716,-1.4271477224736673,1.19711019620536,20061156,3
-0.0315932889219322,3.9765509516161903,1.0233811992513362,2.6772196388054263,1.780878732855382,-0.6915985482358316,0.490690467702658,0.7573389005165748,20000888,3
-0.1972342260698177,0.4106361889537729,-4.048850160709615,0.9641111408314944,1.3972567483366678,-0.4383116049196674,0.5920846590505234,-0.3964532338679538,19960308,3
2.4501375868420214,3.5331592460580943,-0.6937460146532336,-0.9488097943233996,-0.6739825822027552,0.5164088751715138,-0.9269167818003378,1.666936354128975,20191103,1
0.4437717247806141,1.9843188195493553,-0.5388265397823063,-2.0899696890282367,0.1836288884369209,-0.4047982590474152,0.5404038409250251,0.5564989040579559,20011154,3
10.247881717200796,0.4248471342896434,1.533696740530983,-2.3883641177960753,1.387287626805178,-0.0797457607563111,1.0734896898307245,-0.7921513360897141,20091145,2
5.766479401934707,-2.1323177021458646,-2.7367102735341633,-0.0778141982144096,0.96610518151483,-2.412304929107292,0.3142157876432587,0.8080053438483138,20080717,3
3.822053306818268,0.7920439842469005,-1.3154576342007058,-0.2390218421955487,1.6513159308362697,0.6471639529013056,0.0698917688499177,0.1101366703194088,20050222,3
10.562570521529434,-0.7970847341363599,-2.609181549694102,2.3285295132846655,0.6345212471316937,1.6002309885850678,0.4435665686680883,-0.320527455243019,20080660,0
7.167981333868155,3.0438146409945115,2.2869967228425816,-3.1305188503025163,-0.0762891520335923,-0.8805637955786574,0.7958509454838238,0.5326674128287947,19901076,2
14.521999732015352,1.6854417834208029,1.273900992943302,-1.4395748704572162,2.978762162611152,-0.2696757667861704,0.1100071003985869,-0.5680570473386868,20020087,0
4.300919231685101,0.376643535602382,-1.1374453560135478,1.2522571567815652,2.5266361200599747,0.2708925072071332,-1.4394557473244236,-0.271431388859141,20190257,0
1.8413927664128025,-0.2121637742913538,-0.8596588532997186,-0.467250357271848,-0.0915028022160057,-1.304430918083118,0.2467739430737159,1.2615009186442532,20050471,3
3.5550380569834243,1.2170102013799196,-0.1304604612091864,1.1798734942223343,1.8046870460628452,-0.0761664789653196,-0.4778206875884873,0.0912122037628241,20151130,3
11.294320578170952,1.084673876889123,2.272534972122695,1.9939802850000783,2.231172031314284,1.7841348139910214,0.1875877069827786,-0.0999321776043564,20080480,0
2.4653767294638764,0.1064879722331227,-1.2971212455220462,-0.0577004474244601,0.8076119383033062,-0.0639188738489591,0.1850661820658835,-0.2164476273915483,19890832,3
26.16955363459665,-0.1386864199714369,-1.1148162651475972,0.3324684187560422,3.0333772700203605,1.0491791834586917,-0.653401903418427,1.1543175749497196,19820602,0
3.346676499003103,2.645299157378183,-2.439587536243165,-0.017672581137809,1.1409959911840752,4.171968984544232,0.5471026330827556,-1.3413125896867562,20040937,1
5.00979540293039,3.450692098190004,-1.3596534676604677,-2.452396774873962,-1.1075827574347723,-0.1543164466823487,0.9053686421654844,-0.0051952525695207,20061034,2
7.425435134104088,-2.6588765038319444,0.3487383637698434,0.3379678840150455,2.646557136292761,-0.2178662585590389,1.0070831427708022,0.2418944215433165,20070633,0
-3.433665793977007,-0.5848337803259052,-0.6634538336749779,-0.9219332069034528,1.0732653625030293,0.6660605844892876,-0.7413961946827506,-0.3797149398701051,20101185,3
14.634905890713284,3.8239392091511064,-1.7724839564314456,-0.6814708019758141,-0.6649840098979253,1.3755121308501033,0.1044585524038968,0.3783620426458248,20150628,1
2.5576571769265577,-0.7406811926002442,-5.020366554394496,-1.056548324216689,-0.3514722890956416,-1.083655265341572,0.0897638008825096,0.0430814791315527,20150682,3
8.629708943319672,-3.2430474802306173,-2.4672126055635064,2.7850581881055354,0.2026976354278926,-0.5677237057956933,-0.1716833738585828,0.3918703172440994,20180910,3
-1.044379052955448,3.0269141604913563,0.1605290905793928,-1.2579176138628028,-0.245775747390668,0.6205308584440443,0.792929650607195,-0.08549680673738,20100953,1
19.448251626598665,-1.2185378173370054,-6.960742445012737,-1.4159539231348446,2.6162835641719537,-0.2798641857938826,1.8635803877588284,1.1908293795207587,19860409,0
4.88975838832863,-2.0980250632848807,4.214374863997978,0.2033809332837266,-0.7295124880806664,-0.69166387033107,-0.3041544319772953,0.096737290012697,20080774,3
18.963300771671577,-1.5529059069831554,1.7195679405353688,-0.7912703662395939,1.249933117414609,-0.2314715917944784,-0.7616510997041965,-0.0471088132971015,20140623,0
23.99076052676251,-0.9535188015045818,-1.259676550516287,-1.337708124929226,-1.300428081359898,3.5996150373401044,0.7612262637114936,-0.1262513829076645,19880299,0
1.7675071811324008,-0.0155373166078083,-1.6480387246151933,-1.243209305806373,1.0334750008991551,0.6504151434867909,-0.7837968739083646,-0.1550845253027511,20031192,3
1.758415635623821,-0.6348589419045166,-1.6714235693048995,-0.1458719601481234,1.384222231946825,-1.620126311063973,-0.4912246859626869,-0.519701493723512,20111053,3
11.398606040845827,-1.0997229565673543,-0.659701052197548,0.5497505478460519,5.033010320064305,-0.3812943626743123,-1.2245140408694313,0.0413093823562358,20050336,0
0.2245297437570022,-1.0402667785217237,-2.5668560156989453,1.388198223238696,1.357116296349172,-0.3847314682176069,0.0249147395965245,0.368751359944767,19970638,3
6.978985862512961,3.8228255265556905,1.6282800731146434,1.9203041888053,0.7722682017256093,0.8849936077036651,0.2567769520248741,-0.9921603412925966,20191010,0
0.0507260724146128,4.269645832472926,2.0657345632598862,2.366528576437949,-1.4555924286012347,1.2837173642911692,0.1902412805621364,2.162827398648065,19901130,1
-2.2693485768777832,-0.1692935983436994,-0.7184318643430347,3.5014361014452224,0.590373766329023,-1.3082920432409808,-0.6288081243211702,1.3165233279207575,20050562,3
16.77829608440579,4.240088084861076,1.6921348196698278,-1.7050681813591044,-2.226083473090585,-0.1471832128524934,4.716122371966176,-0.007816649256686,20130957,2
5.756874766090084,2.202078558130144,-5.45028605434239,0.2463939998804327,0.0816135949519334,-0.0217893248806323,1.1371526890929542,0.4376450969704596,20121099,3
4.295215871453267,-1.0625765097617517,-2.655542262839164,0.6889632318091737,0.9510355293155952,0.7023820993716434,0.1467097481641542,0.7968339783819665,19860766,3
8.905049960785078,-3.129361437812666,-0.1201362699015037,-1.30448996179882,0.677700501612587,-0.8841362393892293,0.8129761000217063,0.2172343274078688,19980693,3
15.337984685890156,-0.1534859479280535,0.8933053663005359,-1.8148753775349036,4.322589183935049,-1.4616662695817122,2.4426789057027274,-0.8221303212475173,20140830,2
4.750191076713194,0.3732741884329099,-1.863580813021168,-0.3153487285661407,0.3855446513462716,0.2896781630593732,0.833464800614897,-0.8352899749417922,19830443,3
0.0008084158160147,1.1120029461640244,-2.9212830605058535,-2.2458413025544828,-1.0856977538487038,-0.1243673849557959,0.4106901774999717,0.1333486470473834,19830416,3
3.417967334282113,0.2288185114147328,-0.584993548456098,-0.0515710784963167,1.6345712831302788,-0.2751994623375792,-0.1524732800807316,-0.8382639129057408,19890381,3
0.9110320513216706,0.2697545371898006,0.4543602576789662,-1.007130732815503,0.0660503006489083,-0.1865437625461808,-0.079599927639712,0.0984870328264604,20141169,3
5.845641018205794,1.55534604194796,-1.8753772948623544,0.8437688077471365,1.232798294438186,1.9635328572481512,-0.1218306024762983,-0.6485489805818544,20130711,0
4.982453013270254,4.075653801491438,-3.0511502772402657,-1.9389045295618168,-1.231929147845728,1.6604374121480376,0.2522984437172296,0.823877855132837,20207440,1
0.1741391010885457,1.3396046117779106,2.2227396906070385,-1.1089300692741326,0.5079364261596047,0.496281163743016,-0.1061013579831867,0.4140129131087893,20202267,3
3.8764083555448847,-0.4243883467631643,-2.8449517043077504,1.2054938240259097,1.5365756259919745,0.1220838744017426,1.3902152203373856,-0.55700959876635,19840990,3
6.055727322320416,-1.967936071961485,-3.371043270159213,1.4579389396523108,3.613698821300251,0.4197143413601833,0.2682528339171168,0.2625654619971011,19840531,0
13.676202346476892,2.0460984520348986,2.020919142590232,-1.181111438089449,0.8801901999319243,-0.2846613712550899,-1.8741516966841547,-0.0582614740545192,20090434,0
17.44062595841518,3.2509240836448052,-0.2906762638596339,-3.193069933433665,-0.0639549904899447,-0.7283557497867809,-0.6956418515681209,0.7547299154573839,20180772,2
13.124800336420217,-3.1896509737248957,-0.6309024158741031,-2.5377733735410812,1.8800605286134449,-0.3710383512670674,-0.5888533972502332,-0.7972013146457281,19800464,0
3.8770834680282382,-3.872660069421631,-5.328906211843525,-0.2357872659014082,2.117906910184919,0.1783412475213825,0.823492928851772,-0.0627370093397923,19840365,3
2.2609147606499573,1.02407544033105,-2.930679965289926,-1.6519468330636122,-0.4287983368515285,-0.226196104636969,-0.4074968887126713,0.1761297859333924,20170998,3
8.099427581157634,1.3436331215354007,4.9426401973768925,2.0437078476785544,1.5368069551081902,0.5712017035419233,0.6136747700848444,-0.8005054799467224,20060680,0
-2.565500325470402,8.58963055383151,-1.2938655571222064,0.7537414426924043,-2.80158239198884,1.9890142650939793,0.7545362928705569,3.4288678672437523,19960379,1
8.065784223667345,-0.1745958163641091,1.9999972349467183,-2.012707994765239,1.4599450176422946,-0.987565416490036,0.1903573773717537,1.4369022259468436,19820917,2
5.106976320546407,0.9306527679951696,-1.3532479339790409,-0.1189398343474815,-0.9956231666892196,1.2846689680631302,-0.3264535356299339,0.0084879911679598,20051025,1
-0.1930019356654905,1.5555526430924111,-1.7294241342564918,-1.4777044725187776,0.2676368140047322,-0.62034907029032,2.6441381118127416,0.1239732632918178,19820549,2
1.44615505848321,-0.1527887987817945,-1.5182231344606287,-1.0687297393914788,-0.0712577053742417,0.8806062391358715,-0.5805270011620036,0.182640157145261,19790097,3
2.3833031297082967,-0.8695307272222532,1.7569137540763224,-0.9025869373138375,1.0501295431186135,1.6031346988072346,1.0653682263107067,1.158768324449389,19980895,3
5.311100140174094,2.0656526685368783,-5.880689363241982,2.1424796123866683,2.8821864900410548,-0.3522976234361833,0.8558020852996389,0.0715617524961628,20140877,0
14.9022294282808,3.834236548987685,-2.4659108330349415,-2.3500483657670923,1.2079855146026317,-1.4864413080665817,4.4528446713619925,-0.0435025573375041,20090679,2
2.431627792701887,-0.190453862173317,-3.813704540229893,2.6971368692576965,2.948968411414861,-0.7105377613432675,-0.236079894559693,0.9888962689568864,20070798,3
14.67176098640298,7.135420342981564,3.38484224636266,-4.238086221485685,0.2673543603489338,2.962446851574575,0.5264151692366033,2.843730143649959,20030116,1
2.0195220352755405,4.017311606122417,-0.6703523837502647,-0.9913497989847544,-0.2117516248472622,1.79674633078772,0.9799963209729536,1.770356250366995,20070732,1
3.187293586493171,7.309289093444345,0.5566733667290806,2.5429102814724,-2.6157776784143048,-0.5551264422524782,-0.0119221918471232,1.4067461964886925,20010096,1
0.1168129553246668,0.992115287425371,-1.513667689766138,1.1547914422409815,-0.2054750130904755,0.5250556977977389,-0.8417585744824737,0.0677297937517695,20110082,3
-4.964665121055935,1.6583722162859909,0.4020065348178995,1.2934237230105394,0.4338532088700582,-0.3033807792790283,1.0683265997859628,2.316988371676603,19830808,1
10.44094143562796,1.7503288482844714,0.8302164229984886,-3.197585481263266,-0.5503309046648621,0.3029092353399158,0.5031536010276159,0.8119139707160344,19970233,2
9.565446854352585,0.8350391114660793,0.6098637260689784,-2.0520221781952963,-0.4241064745554943,1.1163055806857567,0.1314886101285624,0.8705157013013568,19980679,1
4.866906680018895,2.1134202097285746,0.2263556085695819,-0.7835724003290141,1.015109709232124,0.7034064369764297,-1.4861007120305412,0.4801207418751,20161051,1
19.233218795704808,5.946269470261859,4.418576748864726,-1.6003288953134245,2.67222573112686,0.4579320065195609,1.2986489098332317,0.4290748390271617,20030099,2
5.799163331228556,0.3457230786870963,-1.9075993067974517,-0.3134357897076788,0.3487405495122602,-0.5837383907017406,-0.1604419249332633,0.2528109165345819,19960798,3
0.0502893085200417,-2.207826013980138,-1.1217827120732449,-2.256755374580493,-0.001358057027732,-1.378082020851296,-0.0690055785055131,0.632134137318674,19960286,3
0.6871859732706171,0.5439858201820988,-2.541029864155732,0.146409797258561,-0.4743024913278879,-0.8216482119921042,-1.1560632109184823,0.3079343227209044,20010254,3
8.350896108806603,-0.8862638078807553,3.0645346971289755,0.478145640674313,3.325073250980682,1.33145103056,0.7272948293389738,0.2466812412679237,19930687,0
8.88784103335405,2.7588008257407024,-2.624819931989637,-2.9199076801132615,-1.2411369080910797,0.8245794280445751,2.388708586683036,0.9539924827342124,20170348,2
1.7323944986158324,1.687606100042452,-0.3114186555295383,-0.2348305879444363,-1.079278211228227,-1.197635487693126,-0.4906954922298295,0.1910650576624435,19870793,3
-1.557467266422618,1.5461045297637162,-4.5061476429090295,2.6509106293811864,1.7202800302528194,-0.3642173365840904,0.8400276082513943,-0.0125709374813041,19901100,3
4.15946909403423,0.2048910324711151,-2.006752269835804,0.8204611574720007,3.029769333203094,0.2419589434960378,0.692012063534222,2.108681205047896,20170832,0
16.742762534254464,1.7831527089736343,-3.5662495840694435,2.623665863513733,4.506227382622304,0.2293262554936741,0.6442290299821739,1.2073069744594784,19870649,0
4.080460972613977,-0.4576851248688429,-0.9685466741614928,-2.413658730942212,2.30820756580314,0.1479655160665228,0.1679725786572171,-0.8193757637413558,19930079,3
0.9541163405051908,2.605607846411521,0.2540166930749686,-0.9023716491547424,0.5649522959064481,-0.8527459720195748,-0.3846116414608541,1.2236055460000554,19970186,1
3.2105857802243074,-0.0392995126246588,1.3047207928037643,1.4624016807355436,2.8958561971819874,-1.2493868307496223,0.461215424682562,1.9294022824169248,20150436,0
7.1272788306210115,-2.235452176668901,-2.0105001848021353,-0.465908854304855,2.804350799668263,-1.5228309545969336,-0.3702526871545967,0.5317565435141862,19860295,0
14.813330518923827,-2.354891263240692,1.9602913466129108,-1.0205084678866403,3.552388499572879,-2.0808203717471363,0.5358251751129612,-0.4708561402786953,19930680,0
14.744919566956812,3.5892979215563607,-1.901709205334224,-1.6050735109287713,0.5812548428648787,6.207601065670045,0.2559612143394489,1.697671734879963,19990098,1
9.540462313716043,3.555391533895606,0.0754222754178751,-1.371436824569661,-2.2080852683199863,0.4707457338949338,1.0862756671872025,3.401873411012657,20110365,1
7.069764068016384,2.355198390648264,-1.7738213253318216,-1.455109965469298,0.9442550038645988,-0.2642162094629767,-0.0309476652821032,0.8208913058364269,19820932,1
5.103881057409976,0.9643854251367702,-2.872497382164549,1.1118669088084594,3.2863859171464127,1.016995222064257,0.1314903079866672,-0.8812674517536578,20010400,0
9.409684946286912,0.0047870126748796,-4.333115749410108,-1.790364270131979,0.5411627296423831,1.3710451418049727,0.4938377563232533,1.0374594485375883,20060787,1
2.240468323469456,-2.2856226757282876,2.237782780391795,0.9087858409264824,0.4634616113084163,-1.026095843101323,-1.4715632800039384,1.0871319654307297,20040846,3
3.4079589436912445,1.2459787700963667,-0.3194847816091722,-0.4999333312898067,1.0217317060794306,-0.7994130934203347,-0.7907584142570769,0.5935752375434397,20090187,3
5.334377292874978,-0.0333723559770516,-0.7678373596649045,-0.8457563689266943,0.9511748338937016,0.1342527512390961,-0.0035918015835386,0.1067741966889689,20001018,3
7.213486043164845,3.6472008487113934,-3.5343735371946896,-0.628583307342932,-0.128199852936451,-2.2920849527707103,2.2180770973476074,2.8954133424028017,19890495,2
11.937642113218264,0.848858132855125,-0.5071406283172196,-0.0519116384037429,1.7835613736361964,1.69831945003434,-0.1701372771184866,-0.7869332130586442,20180438,0
1.6021083975511008,-1.731560281761153,-3.1297355059588052,-0.6681952917647799,1.1085512940687172,0.0094239911392957,1.412213061041876,-0.575081071715297,20160404,3
-2.097984947998452,0.2538729009662032,-4.173905534383981,-1.2572589555281348,-1.0753025800132547,0.513828465290731,0.9003091638682841,-1.2134157733933608,19931042,3
-1.7785466763818056,1.0117792028113597,-1.4356540873664998,1.590538454841831,2.5435236505263146,-0.716895047595983,-1.2360921494264565,-0.7751526882779102,20110128,3
3.5766052456075887,0.7620500142218689,-1.3942943025961982,-2.7214236511081022,2.087095116627846,-1.1029776212865547,0.7083784771667103,-0.893601947575465,19971067,2
7.866354820848698,0.0189647146618468,1.9556365981919157,-0.9211924097291888,4.677209698730229,0.080280654844964,-0.0468416291525371,0.4972898767918615,20010618,0
-0.3691264743141335,4.318969763746123,-0.947092140161009,4.479505535076855,0.2804694541800943,0.3371615109061908,0.8773284397820516,0.4399887798591829,20180548,3
11.791506660658609,1.2800683127534027,-6.075869646271159,-0.0707386062083683,1.054622709421671,0.1328428191524201,1.578107120668341,-1.066945879060306,20000863,0
2.1876060430325053,1.8262264496339635,1.9054204632719116,-0.0795815791648047,1.2873004661290948,-0.8506672904487059,0.9558911838920086,0.0681960349670681,20170020,3
4.439435933667162,1.6918154827652192,0.6369239559215385,-2.335500371825734,1.9726541877923816,0.2175024796498679,-0.7134227123640786,0.9169699102141404,19821079,1
-1.164263482794349,1.992457040918387,-0.4612069586061972,-1.969515269327441,-1.1077618420992847,0.5321256900098862,-0.032130221466377,1.034070618743253,19841124,1
12.203815502233205,2.079980354002063,-2.004952032831192,0.9590497391401136,1.7263498136588065,0.8114703461631625,0.9745062297557372,3.761165681843044,19910662,1
2.8569494420962984,4.203319092415258,-1.1472914018789349,6.603445668852208,1.6529820774035378,-0.5642765734688693,-1.347884366943449,-0.1708976282103304,19910747,3
5.336097391762317,-0.7946149891929299,-2.007993972974433,-0.3509044075029421,0.7397855276812102,0.2515529863021862,-0.79437343819266,0.0217076486128488,19920595,3
-4.4501209904145655,0.872547485024498,-5.98299456844041,1.2910849536771467,2.917722597743831,-2.967255093889526,0.6552671929231315,4.018902363594115,20180099,3
5.87129054809293,0.229741424002923,-3.2493310841194103,-0.2649006023455685,2.0326193369764702,-0.6655224878742466,0.9783673116105166,-0.0853591076336389,20190532,3
6.1197597088115705,2.565655334742613,-6.032941556052841,-0.5398138730467036,0.4124567775029199,-0.509416377542373,1.7023705710414865,-1.1821665672815571,19930505,3
6.023364422228253,-0.8552840643550041,-2.597818225159878,2.055799348834878,1.146590357941348,0.7928788720298624,-0.0982814865724832,-0.4862228005751998,19930356,3
-1.640878429036658,0.6110734726163216,1.688127186090718,-1.754120195082207,1.9403930458207392,0.0013051365662164,-0.319807053681175,0.815087526595546,19810519,3
0.0955588467204692,0.7212702675937347,1.0512488654746854,0.5323535954599937,0.2098034612495889,0.104391916091538,0.3389436453771661,0.7211645728567896,19930886,3
11.735695306927475,-3.25697685513941,-1.2899205725184508,-0.651386578290845,2.897113492124433,-1.947511017643486,-1.3518327701562711,0.5200456445623601,19870848,0
9.683252762146456,-0.1982761780309229,3.2565320496522068,1.4697065844404282,1.6469288790386627,0.3757325466620286,-0.7445368567876809,0.2867682794914351,20090794,0
-0.3405242708715554,-0.7306668892035667,-1.0447060366795091,-1.6097447814729773,2.6249681050093656,-0.0032857463505245,-0.0285121634704086,0.3491834145849027,20020221,3
9.766693698241909,1.1553854537510473,-7.020850666591174,3.5766120688899834,0.6387391365528594,0.707999645239784,1.5761756068441728,0.4420999124040112,20206591,3
-4.520736080523843,-0.4179393039283334,0.2198793456413153,0.0024420738366735,0.4441437847857852,-0.1266404862471283,-0.0280996163861587,-0.0256845261880687,20090343,3
8.213359426070971,1.3328977939707718,0.4539148238613313,-2.4988054153080976,-0.2269769173184304,0.9074777566364174,-0.1603854421855664,0.1721653844764462,19810014,1
8.391993683539514,-0.9268617961564402,0.2128704170788698,-2.2253407239049245,1.655314873518418,-0.1789181391745043,-0.4727071043175411,0.2175929364919376,19900423,0
-1.9338528817416163,0.6311374476696704,-1.2946646165108844,-0.3132425622586138,0.7391691883834042,-0.5053631921495103,0.2561258949634375,0.0515350088158183,19980894,3
8.588482181274056,3.2571930681931147,-2.9178383839237867,0.9545717978444482,3.6040079222479777,-0.9998963252034746,-1.9182087319669656,1.2370642174098,20110236,0
0.6166401943655836,0.1839615693189731,1.0878023243623678,-2.179095997509521,3.3354151874022255,-1.8882193840500816,0.3127800849261611,0.140389080501018,19920481,3
5.215279919515454,-0.3268750512841054,-2.6112278194977008,-0.6553758025152306,0.0828343485661878,0.3056464980340267,0.9948503123604148,-0.2458403572792444,19790690,3
2.5819850561426567,-0.1502061356378935,-1.3858740236930327,-1.7681039654767572,2.0795175165459203,-0.0710757698191315,0.868233198358581,-0.6400033687662643,19970078,3
-1.957119541044745,-0.7702276491304595,0.4688614984763856,-0.1051662273496282,-0.4860444390642338,-2.3854209363840595,0.3711015159547076,0.5447229954404644,20160692,3
6.560055838021505,1.1522015409206987,-2.442351348578131,-0.8957918800471476,-1.3923759568295044,-1.0491932278553115,0.2052827098219935,-0.2571326345417986,19881004,3
20.300590003329543,2.8491867867502014,0.4994380297390322,-0.3465449596612232,0.9800622458571256,2.2723932067858645,-0.8228335928356141,-1.507555856315692,19841112,0
3.625351231403808,2.7414186299743624,-0.015488804674647,-0.5219372266387754,1.4733304593289815,1.7215696106041518,-0.4934345151991087,-0.8520234707482561,20030110,3
4.270249901136832,-0.8376448558111247,-5.603261190291254,0.1402374895712726,1.87159854122549,-0.4048884893331739,0.4999971151348567,-1.1841397701559382,19990856,3
9.2681832534885,4.010427982449734,-4.566418381739027,-0.578379388849567,0.0956037673702785,2.10395143735841,-0.4275479960088457,1.4364120354669432,19830575,1
12.645980464503433,-1.283117637213477,-3.1280716184698134,-0.3021469503323182,5.718772410386272,0.9368827268044744,0.2564132314408185,-0.2688201196402962,20121150,0
4.5837954944916515,-1.5026073334293315,-3.3126325540037502,2.2711924552847176,1.9949628325038085,-0.9633958071722968,0.9114740272334382,-0.0402517910281965,19791000,3
7.1644456209120095,1.6834777307142617,1.541301589883554,-1.8040197607595652,1.4636339175849873,-1.2620367183232897,0.78134470287889,0.9727333958591456,20020335,2
12.8933106981407,1.0010030772157696,-2.960083099530056,0.3692987467280782,0.9844209379864935,-0.8712162858107152,-0.1639243043864737,0.8012365640527921,20070643,0
-1.4158131471807225,-0.772816278143264,-0.0100453479198538,-0.5919011439217415,2.5963038403532064,0.3454043906883465,-2.038907891013406,-0.1003839229633984,20030067,3
3.5787781193932555,1.2246178969109418,-1.9692956135114867,-1.8126124700235664,1.3880978255727168,-1.141447999229528,1.220624507004855,1.2784144331114502,19890594,2
-7.2081846269973635,5.246351588048365,0.7753806639030075,7.044057265652206,-0.6392177624929679,0.2963008974148586,0.3394155972920314,-0.7208195742147051,20100924,3
-1.5586017166086037,-0.0983123584242879,-0.0677408403973001,-0.3094066370249112,0.0820859037127761,-1.654097536345581,-0.7573859681547346,1.316962082929213,20120402,3
18.094010568667372,2.190382453191556,3.1359691500722735,2.5336671635164305,6.673479689117054,2.1685450963552073,1.6266939974449202,-0.3463409045884281,20190639,0
11.274996317162566,1.9059989655152525,-0.4962594605682965,-3.624984173138146,-2.169700398096892,-1.7024603506155234,1.226525170999776,1.3676389355273617,19960998,2
10.223347898067985,-2.816390440798275,-0.0075662279018062,0.2191662795324927,1.6612214649991734,-1.068671020640309,0.374898403874871,0.8573537607334567,20180733,0
0.5636944635682575,3.340561417350338,-2.205465210519649,-2.7762578575547616,-0.5064501745986855,0.4381693821906068,-1.009499343688952,1.2790295928919533,20010897,1
3.697488045918333,1.0629160345905573,0.4276493713666205,-1.679861275692882,0.2042875412830279,0.5551261702349526,0.0827341323943594,-0.0634382176642778,19920295,3
-2.081935443653171,1.9380866783996469,-1.043890090019285,-1.1276810861340885,-2.390509325143437,-1.1123491598914428,1.7117842884090346,1.4874396735474054,19840570,1
4.988268307368683,-1.6342214420873804,-0.3884859873119501,0.3634549614025892,0.6296155461351021,-0.5087873526829214,0.7377812828933823,0.2939095802510614,19940990,3
3.6800552453559217,-1.498182736903242,-3.9967971686209127,0.4472180574113376,1.812498600808583,-1.6607103432769008,0.3040241026395834,0.8425226672464571,20051036,3
-0.751146007899233,-0.7672340929761113,1.632278830105583,1.828270636420044,-0.1149398661777956,-0.1723568148056046,1.3626952508970314,1.2389968110780107,20050818,3
5.888915880737997,2.32208047731502,-1.5647959123544308,-1.2819965963257005,-0.4654516355086939,-0.3786358540327562,1.4497555928886574,-1.378505570354502,20171078,2
10.784914802887602,-2.965121572438694,-0.0208550383353922,-0.6160466107561995,3.752888378210836,1.089600432044594,-0.9551785120817288,0.1196698698609237,19890611,0
12.311502604771755,-2.283542892427186,1.027264622745448,-0.1989836402463551,2.381672882918503,0.5351795069151274,1.6212603759777209,-0.1360031704078566,20090427,0
3.371192663804104,-2.1633299944243634,-3.538956689903084,0.1626785941215046,1.0342650230702917,0.0377668069971733,0.5644441045417828,0.2334676629240009,20070810,3
8.689769862858258,0.9845967016438693,-4.024787512559261,2.147919224783457,2.8141418981044493,0.4078170327251972,0.5347362737275684,-0.2202602297865635,20060749,0
5.535447280497419,2.6840833614232347,-0.9114310497535414,-3.0052185717843223,-0.9686337219433964,1.1390100690026768,0.1461762373975846,-0.3093977322570174,19980304,1
-2.5633657400271934,-0.3987763954086702,-0.7564057364015035,-1.597756649529401,-0.9223012031623536,-1.0828358765946255,-1.4050311198249956,0.8859308124764976,19890017,3
0.1485100686812341,0.0239998871753082,1.4293598907011618,-0.1466644666689498,-0.254359164053447,-0.4400344777329132,-1.1961514796881416,0.7767132622996152,20130061,3
-1.6014903446593438,1.389951416093032,0.352096968359555,-0.5756415908377854,-0.77172486850098,0.5542118018555641,-1.435685457946704,0.2751257186710354,20100219,3
4.565741661346076,6.065064188595711,0.9361831308544244,0.8005342379825119,-0.620315424865809,-0.5665493128911595,-1.0777601305870483,1.7845789757699628,20040888,1
1.2234951447857,8.344446178681409,2.045819603195467,2.9310030393904873,-3.918932090972051,0.0518891342254719,1.6333965007253934,0.6475498910485636,20080393,1
6.140794026052454,-1.2392625575726572,-6.986886509978483,0.8154775764702356,-0.3788011123426116,-1.2010490056657654,2.24299023996799,-0.0470323180937196,20020521,3
-0.3525637792569662,0.3689667308150448,-2.1002761909406185,0.4425098763965506,1.122473398864851,0.6144846646481867,-0.1942322554550369,0.2572929023364719,19960774,3
7.192425498732091,2.028328950133865,-6.45634752335864,1.6452626110613568,1.0634798026663477,0.6257354007205881,0.375702895248224,1.6124823929931882,20010759,1
1.0544399303542162,1.0534180941759406,-2.5415765073201095,-1.9849920517559936,-1.4090297195670591,-1.3255374777454234,1.0272466833202285,-0.1667904216218465,19830399,3
-0.6980149282320469,2.062921800459828,1.150651006677423,3.6748379825974737,1.6926516011241464,-1.7725922840737869,-0.1154609849365713,0.2486782904785646,19860610,3
13.164810657464846,1.746239808989851,-2.2363338196822595,-1.7142725966382488,1.7331832857322695,0.478976662035075,0.1685881575702278,0.484578618441355,20050729,0
-2.139211411425978,1.3914129130192208,1.8998417739567088,2.780944651065968,0.3304602363732488,1.604332432246532,-0.4281587677168451,-0.0780449805551629,20210007,3
10.688635212973072,-0.0096444167682901,-2.218859540899994,-2.715100944324697,1.5052323491556374,-3.0658932980504985,0.4544275468335305,0.7151154926783574,19970421,2
